code,provinceCode,name,slug
00004,01,Phường Ba Đình,ba-dinh
00008,01,Phường Ngọc Hà,ngoc-ha
00025,01,Phường Giảng Võ,giang-vo
00070,01,Phường Hoàn Kiếm,hoan-kiem
00082,01,Phường Cửa Nam,cua-nam
00091,01,Phường Phú Thượng,phu-thuong
00097,01,Phường Hồng Hà,hong-ha
00103,01,Phường Tây Hồ,tay-ho
00118,01,Phường Bồ Đề,bo-de
00127,01,Phường Việt Hưng,viet-hung
00136,01,Phường Phúc Lợi,phuc-loi
00145,01,Phường Long Biên,long-bien
00160,01,Phường Nghĩa Đô,nghia-do
00166,01,Phường Cầu Giấy,cau-giay
00175,01,Phường Yên Hoà,yen-hoa
00190,01,Phường Ô Chợ Dừa,o-cho-dua
00199,01,Phường Láng,lang
00226,01,Phường Văn Miếu - Quốc Tử Giám,van-mieu-quoc-tu-giam
00229,01,Phường Kim Liên,kim-lien
00235,01,Phường Đống Đa,dong-da
00256,01,Phường Hai Bà Trưng,hai-ba-trung
00283,01,Phường Vĩnh Tuy,vinh-tuy
00292,01,Phường Bạch Mai,bach-mai
00301,01,Phường Vĩnh Hưng,vinh-hung
00316,01,Phường Định Công,dinh-cong
00322,01,Phường Tương Mai,tuong-mai
00328,01,Phường Lĩnh Nam,linh-nam
00331,01,Phường Hoàng Mai,hoang-mai
00337,01,Phường Hoàng Liệt,hoang-liet
00340,01,Phường Yên Sở,yen-so
00352,01,Phường Phương Liệt,phuong-liet
00364,01,Phường Khương Đình,khuong-dinh
00367,01,Phường Thanh Xuân,thanh-xuan
00376,01,Xã Sóc Sơn,soc-son
00382,01,Xã Kim Anh,kim-anh
00385,01,Xã Trung Giã,trung-gia
00430,01,Xã Đa Phúc,da-phuc
00433,01,Xã Nội Bài,noi-bai
00454,01,Xã Đông Anh,dong-anh
00466,01,Xã Phúc Thịnh,phuc-thinh
00475,01,Xã Thư Lâm,thu-lam
00493,01,Xã Thiên Lộc,thien-loc
00508,01,Xã Vĩnh Thanh,vinh-thanh
00541,01,Xã Phù Đổng,phu-dong
00562,01,Xã Thuận An,thuan-an
00565,01,Xã Gia Lâm,gia-lam
00577,01,Xã Bát Tràng,bat-trang
00592,01,Phường Từ Liêm,tu-liem
00598,01,Phường Thượng Cát,thuong-cat
00602,01,Phường Đông Ngạc,dong-ngac
00611,01,Phường Xuân Đỉnh,xuan-dinh
00613,01,Phường Tây Tựu,tay-tuu
00619,01,Phường Phú Diễn,phu-dien
00622,01,Phường Xuân Phương,xuan-phuong
00634,01,Phường Tây Mỗ,tay-mo
00637,01,Phường Đại Mỗ,dai-mo
00640,01,Xã Thanh Trì,thanh-tri
00643,01,Phường Thanh Liệt,thanh-liet
00664,01,Xã Đại Thanh,dai-thanh
00679,01,Xã Ngọc Hồi,ngoc-hoi
00685,01,Xã Nam Phù,nam-phu
00691,08,Phường Hà Giang 2,ha-giang-2
00694,08,Phường Hà Giang 1,ha-giang-1
00700,08,Xã Ngọc Đường,ngoc-duong
00706,08,Xã Phú Linh,phu-linh
00715,08,Xã Lũng Cú,lung-cu
00721,08,Xã Đồng Văn,dong-van
00733,08,Xã Sà Phìn,sa-phin
00745,08,Xã Phố Bảng,pho-bang
00763,08,Xã Lũng Phìn,lung-phin
00769,08,Xã Mèo Vạc,meo-vac
00778,08,Xã Sơn Vĩ,son-vi
00787,08,Xã Sủng Máng,sung-mang
00802,08,Xã Khâu Vai,khau-vai
00808,08,Xã Tát Ngà,tat-nga
00817,08,Xã Niêm Sơn,niem-son
00820,08,Xã Yên Minh,yen-minh
00829,08,Xã Thắng Mố,thang-mo
00832,08,Xã Bạch Đích,bach-dich
00847,08,Xã Mậu Duệ,mau-due
00859,08,Xã Ngọc Long,ngoc-long
00865,08,Xã Đường Thượng,duong-thuong
00871,08,Xã Du Già,du-gia
00874,08,Xã Quản Bạ,quan-ba
00883,08,Xã Cán Tỷ,can-ty
00889,08,Xã Nghĩa Thuận,nghia-thuan
00892,08,Xã Tùng Vài,tung-vai
00901,08,Xã Lùng Tám,lung-tam
00913,08,Xã Vị Xuyên,vi-xuyen
00919,08,Xã Minh Tân,minh-tan
00922,08,Xã Thuận Hoà,thuan-hoa
00925,08,Xã Tùng Bá,tung-ba
00928,08,Xã Thanh Thuỷ,thanh-thuy
00937,08,Xã Lao Chải,lao-chai
00952,08,Xã Cao Bồ,cao-bo
00958,08,Xã Thượng Sơn,thuong-son
00967,08,Xã Việt Lâm,viet-lam
00970,08,Xã Linh Hồ,linh-ho
00976,08,Xã Bạch Ngọc,bach-ngoc
00982,08,Xã Minh Sơn,minh-son
00985,08,Xã Giáp Trung,giap-trung
00991,08,Xã Bắc Mê,bac-me
00994,08,Xã Minh Ngọc,minh-ngoc
01006,08,Xã Yên Cường,yen-cuong
01012,08,Xã Đường Hồng,duong-hong
01021,08,Xã Hoàng Su Phì,hoang-su-phi
01024,08,Xã Bản Máy,ban-may
01033,08,Xã Thàng Tín,thang-tin
01051,08,Xã Tân Tiến,tan-tien
01057,08,Xã Pờ Ly Ngài,po-ly-ngai
01075,08,Xã Nậm Dịch,nam-dich
01084,08,Xã Hồ Thầu,ho-thau
01090,08,Xã Thông Nguyên,thong-nguyen
01096,08,Xã Pà Vầy Sủ,pa-vay-su
01108,08,Xã Xín Mần,xin-man
01117,08,Xã Trung Thịnh,trung-thinh
01141,08,Xã Nấm Dẩn,nam-dan
01144,08,Xã Quảng Nguyên,quang-nguyen
01147,08,Xã Khuôn Lùng,khuon-lung
01153,08,Xã Bắc Quang,bac-quang
01156,08,Xã Vĩnh Tuy,vinh-tuy
01165,08,Xã Đồng Tâm,dong-tam
01171,08,Xã Tân Quang,tan-quang
01180,08,Xã Bằng Hành,bang-hanh
01192,08,Xã Liên Hiệp,lien-hiep
01201,08,Xã Hùng An,hung-an
01216,08,Xã Đồng Yên,dong-yen
01225,08,Xã Tiên Nguyên,tien-nguyen
01234,08,Xã Yên Thành,yen-thanh
01237,08,Xã Quang Bình,quang-binh
01243,08,Xã Tân Trịnh,tan-trinh
01246,08,Xã Bằng Lang,bang-lang
01255,08,Xã Xuân Giang,xuan-giang
01261,08,Xã Tiên Yên,tien-yen
01273,04,Phường Thục Phán,thuc-phan
01279,04,Phường Nùng Trí Cao,nung-tri-cao
01288,04,Phường Tân Giang,tan-giang
01290,04,Xã Bảo Lâm,bao-lam
01294,04,Xã Lý Bôn,ly-bon
01297,04,Xã Nam Quang,nam-quang
01304,04,Xã Quảng Lâm,quang-lam
01318,04,Xã Yên Thổ,yen-tho
01321,04,Xã Bảo Lạc,bao-lac
01324,04,Xã Cốc Pàng,coc-pang
01327,04,Xã Cô Ba,co-ba
01336,04,Xã Khánh Xuân,khanh-xuan
01339,04,Xã Xuân Trường,xuan-truong
01351,04,Xã Hưng Đạo,hung-dao
01354,04,Xã Huy Giáp,huy-giap
01360,04,Xã Sơn Lộ,son-lo
01363,04,Xã Thông Nông,thong-nong
01366,04,Xã Cần Yên,can-yen
01387,04,Xã Thanh Long,thanh-long
01392,04,Xã Trường Hà,truong-ha
01393,04,Xã Lũng Nặm,lung-nam
01414,04,Xã Tổng Cọt,tong-cot
01438,04,Xã Hà Quảng,ha-quang
01447,04,Xã Trà Lĩnh,tra-linh
01456,04,Xã Quang Hán,quang-han
01465,04,Xã Quang Trung,quang-trung
01477,04,Xã Trùng Khánh,trung-khanh
01489,04,Xã Đình Phong,dinh-phong
01501,04,Xã Đàm Thuỷ,dam-thuy
01525,04,Xã Đoài Dương,doai-duong
01537,04,Xã Lý Quốc,ly-quoc
01552,04,Xã Quang Long,quang-long
01558,04,Xã Hạ Lang,ha-lang
01561,04,Xã Vinh Quý,vinh-quy
01576,04,Xã Quảng Uyên,quang-uyen
01594,04,Xã Độc Lập,doc-lap
01618,04,Xã Hạnh Phúc,hanh-phuc
01636,04,Xã Bế Văn Đàn,be-van-dan
01648,04,Xã Phục Hoà,phuc-hoa
01654,04,Xã Hoà An,hoa-an
01660,04,Xã Nam Tuấn,nam-tuan
01699,04,Xã Nguyễn Huệ,nguyen-hue
01708,04,Xã Bạch Đằng,bach-dang
01726,04,Xã Nguyên Bình,nguyen-binh
01729,04,Xã Tĩnh Túc,tinh-tuc
01738,04,Xã Ca Thành,ca-thanh
01747,04,Xã Minh Tâm,minh-tam
01768,04,Xã Phan Thanh,phan-thanh
01774,04,Xã Tam Kim,tam-kim
01777,04,Xã Thành Công,thanh-cong
01786,04,Xã Đông Khê,dong-khe
01789,04,Xã Canh Tân,canh-tan
01792,04,Xã Kim Đồng,kim-dong
01795,04,Xã Minh Khai,minh-khai
01807,04,Xã Thạch An,thach-an
01822,04,Xã Đức Long,duc-long
01840,19,Phường Đức Xuân,duc-xuan
01843,19,Phường Bắc Kạn,bac-kan
01849,19,Xã Phong Quang,phong-quang
01864,19,Xã Bằng Thành,bang-thanh
01879,19,Xã Cao Minh,cao-minh
01882,19,Xã Nghiên Loan,nghien-loan
01894,19,Xã Phúc Lộc,phuc-loc
01906,19,Xã Ba Bể,ba-be
01912,19,Xã Chợ Rã,cho-ra
01921,19,Xã Thượng Minh,thuong-minh
01933,19,Xã Đồng Phúc,dong-phuc
01936,19,Xã Nà Phặc,na-phac
01942,19,Xã Bằng Vân,bang-van
01954,19,Xã Ngân Sơn,ngan-son
01957,19,Xã Thượng Quan,thuong-quan
01960,19,Xã Hiệp Lực,hiep-luc
01969,19,Xã Phủ Thông,phu-thong
01981,19,Xã Vĩnh Thông,vinh-thong
02008,19,Xã Cẩm Giàng,cam-giang
02014,19,Xã Bạch Thông,bach-thong
02020,19,Xã Chợ Đồn,cho-don
02026,19,Xã Nam Cường,nam-cuong
02038,19,Xã Quảng Bạch,quang-bach
02044,19,Xã Yên Thịnh,yen-thinh
02071,19,Xã Nghĩa Tá,nghia-ta
02083,19,Xã Yên Phong,yen-phong
02086,19,Xã Chợ Mới,cho-moi
02101,19,Xã Thanh Mai,thanh-mai
02104,19,Xã Tân Kỳ,tan-ky
02107,19,Xã Thanh Thịnh,thanh-thinh
02116,19,Xã Yên Bình,yen-binh
02143,19,Xã Văn Lang,van-lang-02143
02152,19,Xã Cường Lợi,cuong-loi
02155,19,Xã Na Rì,na-ri
02176,19,Xã Trần Phú,tran-phu
02185,19,Xã Côn Minh,con-minh
02191,19,Xã Xuân Dương,xuan-duong
02212,08,Phường Nông Tiến,nong-tien
02215,08,Phường Minh Xuân,minh-xuan
02221,08,Xã Nà Hang,na-hang
02239,08,Xã Thượng Nông,thuong-nong
02245,08,Xã Côn Lôn,con-lon
02248,08,Xã Yên Hoa,yen-hoa
02260,08,Xã Hồng Thái,hong-thai
02266,08,Xã Lâm Bình,lam-binh
02269,08,Xã Thượng Lâm,thuong-lam
02287,08,Xã Chiêm Hoá,chiem-hoa
02296,08,Xã Bình An,binh-an
02302,08,Xã Minh Quang,minh-quang
02305,08,Xã Trung Hà,trung-ha
02308,08,Xã Tân Mỹ,tan-my
02317,08,Xã Yên Lập,yen-lap
02320,08,Xã Tân An,tan-an
02332,08,Xã Kiên Đài,kien-dai
02350,08,Xã Kim Bình,kim-binh
02353,08,Xã Hoà An,hoa-an
02359,08,Xã Tri Phú,tri-phu
02365,08,Xã Yên Nguyên,yen-nguyen
02374,08,Xã Hàm Yên,ham-yen
02380,08,Xã Bạch Xa,bach-xa
02392,08,Xã Phù Lưu,phu-luu
02398,08,Xã Yên Phú,yen-phu
02404,08,Xã Bình Xa,binh-xa
02407,08,Xã Thái Sơn,thai-son
02419,08,Xã Thái Hoà,thai-hoa
02425,08,Xã Hùng Đức,hung-duc
02434,08,Xã Lực Hành,luc-hanh
02437,08,Xã Kiến Thiết,kien-thiet
02449,08,Xã Xuân Vân,xuan-van
02455,08,Xã Hùng Lợi,hung-loi
02458,08,Xã Trung Sơn,trung-son
02470,08,Xã Tân Long,tan-long
02473,08,Xã Yên Sơn,yen-son
02494,08,Xã Thái Bình,thai-binh
02509,08,Phường Mỹ Lâm,my-lam
02512,08,Phường An Tường,an-tuong
02524,08,Phường Bình Thuận,binh-thuan
02530,08,Xã Nhữ Khê,nhu-khe
02536,08,Xã Sơn Dương,son-duong
02545,08,Xã Tân Trào,tan-trao
02548,08,Xã Bình Ca,binh-ca
02554,08,Xã Minh Thanh,minh-thanh
02572,08,Xã Đông Thọ,dong-tho
02578,08,Xã Tân Thanh,tan-thanh
02608,08,Xã Hồng Sơn,hong-son
02611,08,Xã Phú Lương,phu-luong
02620,08,Xã Sơn Thuỷ,son-thuy
02623,08,Xã Trường Sinh,truong-sinh
02647,15,Phường Lào Cai,lao-cai
02671,15,Phường Cam Đường,cam-duong
02680,15,Xã Hợp Thành,hop-thanh
02683,15,Xã Bát Xát,bat-xat
02686,15,Xã A Mú Sung,a-mu-sung
02695,15,Xã Trịnh Tường,trinh-tuong
02701,15,Xã Y Tý,y-ty
02707,15,Xã Dền Sáng,den-sang
02725,15,Xã Bản Xèo,ban-xeo
02728,15,Xã Mường Hum,muong-hum
02746,15,Xã Cốc San,coc-san
02752,15,Xã Pha Long,pha-long
02761,15,Xã Mường Khương,muong-khuong
02782,15,Xã Cao Sơn,cao-son
02788,15,Xã Bản Lầu,ban-lau
02809,15,Xã Si Ma Cai,si-ma-cai
02824,15,Xã Sín Chéng,sin-cheng
02839,15,Xã Bắc Hà,bac-ha
02842,15,Xã Tả Củ Tỷ,ta-cu-ty
02848,15,Xã Lùng Phình,lung-phinh
02869,15,Xã Bản Liền,ban-lien
02890,15,Xã Bảo Nhai,bao-nhai
02896,15,Xã Cốc Lầu,coc-lau
02902,15,Xã Phong Hải,phong-hai
02905,15,Xã Bảo Thắng,bao-thang
02908,15,Xã Tằng Loỏng,tang-loong
02923,15,Xã Gia Phú,gia-phu
02926,15,Xã Xuân Quang,xuan-quang
02947,15,Xã Bảo Yên,bao-yen
02953,15,Xã Nghĩa Đô,nghia-do
02962,15,Xã Xuân Hoà,xuan-hoa
02968,15,Xã Thượng Hà,thuong-ha
02989,15,Xã Bảo Hà,bao-ha
02998,15,Xã Phúc Khánh,phuc-khanh
03004,15,Xã Ngũ Chỉ Sơn,ngu-chi-son
03006,15,Phường Sa Pa,sa-pa
03013,15,Xã Tả Phìn,ta-phin
03037,15,Xã Tả Van,ta-van
03043,15,Xã Mường Bo,muong-bo
03046,15,Xã Bản Hồ,ban-ho
03061,15,Xã Võ Lao,vo-lao
03076,15,Xã Nậm Chày,nam-chay
03082,15,Xã Văn Bàn,van-ban
03085,15,Xã Nậm Xé,nam-xe
03091,15,Xã Chiềng Ken,chieng-ken
03103,15,Xã Khánh Yên,khanh-yen
03106,15,Xã Dương Quỳ,duong-quy
03121,15,Xã Minh Lương,minh-luong
03127,11,Phường Điện Biên Phủ,dien-bien-phu
03151,11,Phường Mường Lay,muong-lay
03158,11,Xã Sín Thầu,sin-thau
03160,11,Xã Mường Nhé,muong-nhe
03162,11,Xã Nậm Kè,nam-ke
03163,11,Xã Mường Toong,muong-toong
03164,11,Xã Quảng Lâm,quang-lam
03166,11,Xã Mường Chà,muong-cha
03169,11,Xã Nà Hỳ,na-hy
03172,11,Xã Na Sang,na-sang
03175,11,Xã Chà Tở,cha-to
03176,11,Xã Nà Bủng,na-bung
03181,11,Xã Mường Tùng,muong-tung
03193,11,Xã Pa Ham,pa-ham
03194,11,Xã Nậm Nèn,nam-nen
03199,11,Xã Si Pa Phìn,si-pa-phin
03202,11,Xã Mường Pồn,muong-pon
03203,11,Xã Na Son,na-son
03208,11,Xã Xa Dung,xa-dung
03214,11,Xã Mường Luân,muong-luan
03217,11,Xã Tủa Chùa,tua-chua
03220,11,Xã Tủa Thàng,tua-thang
03226,11,Xã Sín Chải,sin-chai
03241,11,Xã Sính Phình,sinh-phinh
03244,11,Xã Sáng Nhè,sang-nhe
03253,11,Xã Tuần Giáo,tuan-giao
03256,11,Xã Mường Ảng,muong-ang
03260,11,Xã Pú Nhung,pu-nhung
03268,11,Xã Mường Mùn,muong-mun
03283,11,Xã Chiềng Sinh,chieng-sinh
03295,11,Xã Quài Tở,quai-to
03301,11,Xã Búng Lao,bung-lao
03313,11,Xã Mường Lạn,muong-lan
03316,11,Xã Nà Tấu,na-tau
03325,11,Xã Mường Phăng,muong-phang
03328,11,Xã Thanh Nưa,thanh-nua
03334,11,Phường Mường Thanh,muong-thanh
03349,11,Xã Thanh Yên,thanh-yen
03352,11,Xã Thanh An,thanh-an
03356,11,Xã Sam Mứn,sam-mun
03358,11,Xã Núa Ngam,nua-ngam
03368,11,Xã Mường Nhà,muong-nha
03370,11,Xã Pu Nhi,pu-nhi
03382,11,Xã Phình Giàng,phinh-giang
03385,11,Xã Tìa Dình,tia-dinh
03388,12,Phường Đoàn Kết,doan-ket
03390,12,Xã Bình Lư,binh-lu
03394,12,Xã Sin Suối Hồ,sin-suoi-ho
03405,12,Xã Tả Lèng,ta-leng
03408,12,Phường Tân Phong,tan-phong
03424,12,Xã Bản Bo,ban-bo
03430,12,Xã Khun Há,khun-ha
03433,12,Xã Bum Tở,bum-to
03434,12,Xã Nậm Hàng,nam-hang
03439,12,Xã Thu Lũm,thu-lum
03442,12,Xã Pa Ủ,pa-u
03445,12,Xã Mường Tè,muong-te
03451,12,Xã Mù Cả,mu-ca
03460,12,Xã Hua Bum,hua-bum
03463,12,Xã Tà Tổng,ta-tong
03466,12,Xã Bum Nưa,bum-nua
03472,12,Xã Mường Mô,muong-mo
03478,12,Xã Sìn Hồ,sin-ho
03487,12,Xã Lê Lợi,le-loi
03503,12,Xã Pa Tần,pa-tan
03508,12,Xã Hồng Thu,hong-thu
03517,12,Xã Nậm Tăm,nam-tam
03529,12,Xã Tủa Sín Chải,tua-sin-chai
03532,12,Xã Pu Sam Cáp,pu-sam-cap
03538,12,Xã Nậm Mạ,nam-ma
03544,12,Xã Nậm Cuổi,nam-cuoi
03549,12,Xã Phong Thổ,phong-tho
03562,12,Xã Sì Lở Lầu,si-lo-lau
03571,12,Xã Dào San,dao-san
03583,12,Xã Khổng Lào,khong-lao
03595,12,Xã Than Uyên,than-uyen
03598,12,Xã Tân Uyên,tan-uyen
03601,12,Xã Mường Khoa,muong-khoa
03613,12,Xã Nậm Sỏ,nam-so
03616,12,Xã Pắc Ta,pac-ta
03618,12,Xã Mường Than,muong-than
03637,12,Xã Mường Kim,muong-kim
03640,12,Xã Khoen On,khoen-on
03646,14,Phường Tô Hiệu,to-hieu
03664,14,Phường Chiềng An,chieng-an
03670,14,Phường Chiềng Cơi,chieng-coi
03679,14,Phường Chiềng Sinh,chieng-sinh
03688,14,Xã Mường Chiên,muong-chien
03694,14,Xã Mường Giôn,muong-gion
03703,14,Xã Quỳnh Nhai,quynh-nhai
03712,14,Xã Mường Sại,muong-sai
03721,14,Xã Thuận Châu,thuan-chau
03724,14,Xã Bình Thuận,binh-thuan
03727,14,Xã Mường É,muong-e
03754,14,Xã Chiềng La,chieng-la
03757,14,Xã Mường Khiêng,muong-khieng
03760,14,Xã Mường Bám,muong-bam
03763,14,Xã Long Hẹ,long-he
03781,14,Xã Co Mạ,co-ma
03784,14,Xã Nậm Lầu,nam-lau
03799,14,Xã Muổi Nọi,muoi-noi
03808,14,Xã Mường La,muong-la
03814,14,Xã Chiềng Lao,chieng-lao
03820,14,Xã Ngọc Chiến,ngoc-chien
03847,14,Xã Mường Bú,muong-bu
03850,14,Xã Chiềng Hoa,chieng-hoa
03856,14,Xã Bắc Yên,bac-yen
03862,14,Xã Xím Vàng,xim-vang
03868,14,Xã Tà Xùa,ta-xua
03871,14,Xã Pắc Ngà,pac-nga
03880,14,Xã Tạ Khoa,ta-khoa
03892,14,Xã Chiềng Sại,chieng-sai
03901,14,Xã Suối Tọ,suoi-to
03907,14,Xã Mường Cơi,muong-coi
03910,14,Xã Phù Yên,phu-yen
03922,14,Xã Gia Phù,gia-phu
03943,14,Xã Mường Bang,muong-bang
03958,14,Xã Tường Hạ,tuong-ha
03961,14,Xã Kim Bon,kim-bon
03970,14,Xã Tân Phong,tan-phong
03979,14,Phường Mộc Sơn,moc-son
03980,14,Phường Mộc Châu,moc-chau
03982,14,Phường Thảo Nguyên,thao-nguyen
03985,14,Xã Chiềng Sơn,chieng-son
03997,14,Xã Tân Yên,tan-yen
04000,14,Xã Đoàn Kết,doan-ket
04006,14,Xã Song Khủa,song-khua
04018,14,Xã Tô Múa,to-mua
04033,14,Phường Vân Sơn,van-son
04045,14,Xã Lóng Sập,long-sap
04048,14,Xã Vân Hồ,van-ho
04057,14,Xã Xuân Nha,xuan-nha
04075,14,Xã Yên Châu,yen-chau
04078,14,Xã Chiềng Hặc,chieng-hac
04087,14,Xã Yên Sơn,yen-son
04096,14,Xã Lóng Phiêng,long-phieng
04099,14,Xã Phiêng Khoài,phieng-khoai
04105,14,Xã Mai Sơn,mai-son
04108,14,Xã Chiềng Sung,chieng-sung
04117,14,Xã Mường Chanh,muong-chanh
04123,14,Xã Chiềng Mung,chieng-mung
04132,14,Xã Chiềng Mai,chieng-mai
04136,14,Xã Tà Hộc,ta-hoc
04144,14,Xã Phiêng Cằm,phieng-cam
04159,14,Xã Phiêng Pằn,phieng-pan
04168,14,Xã Sông Mã,song-ma
04171,14,Xã Bó Sinh,bo-sinh
04183,14,Xã Mường Lầm,muong-lam
04186,14,Xã Nậm Ty,nam-ty
04195,14,Xã Chiềng Sơ,chieng-so
04204,14,Xã Chiềng Khoong,chieng-khoong
04210,14,Xã Huổi Một,huoi-mot
04219,14,Xã Mường Hung,muong-hung
04222,14,Xã Chiềng Khương,chieng-khuong
04228,14,Xã Púng Bánh,pung-banh
04231,14,Xã Sốp Cộp,sop-cop
04240,14,Xã Mường Lèo,muong-leo
04246,14,Xã Mường Lạn,muong-lan
04252,15,Phường Yên Bái,yen-bai
04273,15,Phường Nam Cường,nam-cuong
04279,15,Phường Văn Phú,van-phu
04288,15,Phường Nghĩa Lộ,nghia-lo
04303,15,Xã Lục Yên,luc-yen
04309,15,Xã Lâm Thượng,lam-thuong
04336,15,Xã Tân Lĩnh,tan-linh
04342,15,Xã Khánh Hoà,khanh-hoa
04345,15,Xã Mường Lai,muong-lai
04363,15,Xã Phúc Lợi,phuc-loi
04375,15,Xã Mậu A,mau-a
04381,15,Xã Lâm Giang,lam-giang
04387,15,Xã Châu Quế,chau-que
04399,15,Xã Đông Cuông,dong-cuong
04402,15,Xã Phong Dụ Hạ,phong-du-ha
04423,15,Xã Phong Dụ Thượng,phong-du-thuong
04429,15,Xã Tân Hợp,tan-hop
04441,15,Xã Xuân Ái,xuan-ai
04450,15,Xã Mỏ Vàng,mo-vang
04456,15,Xã Mù Cang Chải,mu-cang-chai
04462,15,Xã Nậm Có,nam-co
04465,15,Xã Khao Mang,khao-mang
04474,15,Xã Lao Chải,lao-chai
04489,15,Xã Chế Tạo,che-tao
04492,15,Xã Púng Luông,pung-luong
04498,15,Xã Trấn Yên,tran-yen
04531,15,Xã Quy Mông,quy-mong
04537,15,Xã Lương Thịnh,luong-thinh
04543,15,Phường Âu Lâu,au-lau
04564,15,Xã Việt Hồng,viet-hong
04576,15,Xã Hưng Khánh,hung-khanh
04585,15,Xã Hạnh Phúc,hanh-phuc
04603,15,Xã Tà Xi Láng,ta-xi-lang
04606,15,Xã Trạm Tấu,tram-tau
04609,15,Xã Phình Hồ,phinh-ho
04630,15,Xã Tú Lệ,tu-le
04636,15,Xã Gia Hội,gia-hoi
04651,15,Xã Sơn Lương,son-luong
04660,15,Xã Liên Sơn,lien-son
04663,15,Phường Trung Tâm,trung-tam
04672,15,Xã Văn Chấn,van-chan
04681,15,Phường Cầu Thia,cau-thia
04693,15,Xã Cát Thịnh,cat-thinh
04699,15,Xã Chấn Thịnh,chan-thinh
04705,15,Xã Thượng Bằng La,thuong-bang-la
04711,15,Xã Nghĩa Tâm,nghia-tam
04714,15,Xã Yên Bình,yen-binh
04717,15,Xã Thác Bà,thac-ba
04726,15,Xã Cảm Nhân,cam-nhan
04744,15,Xã Yên Thành,yen-thanh
04750,15,Xã Bảo Ái,bao-ai
04792,25,Phường Tân Hoà,tan-hoa
04795,25,Phường Hoà Bình,hoa-binh
04828,25,Phường Thống Nhất,thong-nhat
04831,25,Xã Đà Bắc,da-bac
04846,25,Xã Đức Nhàn,duc-nhan
04849,25,Xã Tân Pheo,tan-pheo
04873,25,Xã Quy Đức,quy-duc
04876,25,Xã Cao Sơn,cao-son
04891,25,Xã Tiền Phong,tien-phong
04894,25,Phường Kỳ Sơn,ky-son
04897,25,Xã Thịnh Minh,thinh-minh
04924,25,Xã Lương Sơn,luong-son
04930,01,Xã Yên Xuân,yen-xuan
04960,25,Xã Liên Sơn,lien-son
04978,25,Xã Kim Bôi,kim-boi
04990,25,Xã Nật Sơn,nat-son
05014,25,Xã Mường Động,muong-dong
05047,25,Xã Cao Dương,cao-duong
05068,25,Xã Hợp Kim,hop-kim
05086,25,Xã Dũng Tiến,dung-tien
05089,25,Xã Cao Phong,cao-phong
05092,25,Xã Thung Nai,thung-nai
05116,25,Xã Mường Thàng,muong-thang
05128,25,Xã Tân Lạc,tan-lac
05134,25,Xã Mường Hoa,muong-hoa
05152,25,Xã Vân Sơn,van-son
05158,25,Xã Mường Bi,muong-bi
05191,25,Xã Toàn Thắng,toan-thang
05200,25,Xã Mai Châu,mai-chau
05206,25,Xã Tân Mai,tan-mai
05212,25,Xã Pà Cò,pa-co
05245,25,Xã Bao La,bao-la
05251,25,Xã Mai Hạ,mai-ha
05266,25,Xã Lạc Sơn,lac-son
05287,25,Xã Mường Vang,muong-vang
05290,25,Xã Nhân Nghĩa,nhan-nghia
05293,25,Xã Thượng Cốc,thuong-coc
05305,25,Xã Yên Phú,yen-phu
05323,25,Xã Quyết Thắng,quyet-thang
05329,25,Xã Ngọc Sơn,ngoc-son
05347,25,Xã Đại Đồng,dai-dong
05353,25,Xã Yên Thuỷ,yen-thuy
05362,25,Xã Lạc Lương,lac-luong
05386,25,Xã Yên Trị,yen-tri
05392,25,Xã Lạc Thuỷ,lac-thuy
05395,25,Xã An Nghĩa,an-nghia
05425,25,Xã An Bình,an-binh
05443,19,Phường Phan Đình Phùng,phan-dinh-phung
05455,19,Phường Quyết Thắng,quyet-thang
05467,19,Phường Gia Sàng,gia-sang
05482,19,Phường Quan Triều,quan-trieu
05488,19,Xã Đại Phúc,dai-phuc
05500,19,Phường Tích Lương,tich-luong
05503,19,Xã Tân Cương,tan-cuong
05518,19,Phường Sông Công,song-cong
05528,19,Phường Bách Quang,bach-quang
05533,19,Phường Bá Xuyên,ba-xuyen
05542,19,Xã Lam Vỹ,lam-vy
05551,19,Xã Kim Phượng,kim-phuong
05563,19,Xã Phượng Tiến,phuong-tien
05569,19,Xã Định Hoá,dinh-hoa
05581,19,Xã Trung Hội,trung-hoi
05587,19,Xã Bình Yên,binh-yen
05602,19,Xã Phú Đình,phu-dinh
05605,19,Xã Bình Thành,binh-thanh
05611,19,Xã Phú Lương,phu-luong
05620,19,Xã Yên Trạch,yen-trach
05632,19,Xã Hợp Thành,hop-thanh
05641,19,Xã Vô Tranh,vo-tranh
05662,19,Xã Trại Cau,trai-cau
05665,19,Xã Văn Lăng,van-lang-05665
05674,19,Xã Quang Sơn,quang-son
05680,19,Xã Văn Hán,van-han
05692,19,Xã Đồng Hỷ,dong-hy
05707,19,Xã Nam Hoà,nam-hoa
05710,19,Phường Linh Sơn,linh-son
05716,19,Xã Võ Nhai,vo-nhai
05719,19,Xã Sảng Mộc,sang-moc
05722,19,Xã Nghinh Tường,nghinh-tuong
05725,19,Xã Thần Sa,than-sa
05740,19,Xã La Hiên,la-hien
05746,19,Xã Tràng Xá,trang-xa
05755,19,Xã Dân Tiến,dan-tien
05773,19,Xã Phú Xuyên,phu-xuyen
05776,19,Xã Đức Lương,duc-luong
05788,19,Xã Phú Lạc,phu-lac
05800,19,Xã Phú Thịnh,phu-thinh
05809,19,Xã An Khánh,an-khanh
05818,19,Xã La Bằng,la-bang
05830,19,Xã Đại Từ,dai-tu
05845,19,Xã Vạn Phú,van-phu
05851,19,Xã Quân Chu,quan-chu
05857,19,Phường Phúc Thuận,phuc-thuan
05860,19,Phường Phổ Yên,pho-yen
05881,19,Xã Thành Công,thanh-cong
05890,19,Phường Vạn Xuân,van-xuan
05899,19,Phường Trung Thành,trung-thanh
05908,19,Xã Phú Bình,phu-binh
05917,19,Xã Tân Khánh,tan-khanh
05923,19,Xã Tân Thành,tan-thanh
05941,19,Xã Điềm Thuỵ,diem-thuy
05953,19,Xã Kha Sơn,kha-son
05977,20,Phường Đông Kinh,dong-kinh
05983,20,Phường Lương Văn Tri,luong-van-tri
05986,20,Phường Tam Thanh,tam-thanh
06001,20,Xã Đoàn Kết,doan-ket
06004,20,Xã Quốc Khánh,quoc-khanh
06019,20,Xã Tân Tiến,tan-tien
06037,20,Xã Kháng Chiến,khang-chien
06040,20,Xã Thất Khê,that-khe
06046,20,Xã Tràng Định,trang-dinh
06058,20,Xã Quốc Việt,quoc-viet
06073,20,Xã Hoa Thám,hoa-tham
06076,20,Xã Quý Hoà,quy-hoa
06079,20,Xã Hồng Phong,hong-phong
06085,20,Xã Thiện Hoà,thien-hoa
06091,20,Xã Thiện Thuật,thien-thuat
06103,20,Xã Thiện Long,thien-long
06112,20,Xã Bình Gia,binh-gia
06115,20,Xã Tân Văn,tan-van
06124,20,Xã Na Sầm,na-sam
06148,20,Xã Thuỵ Hùng,thuy-hung
06151,20,Xã Hội Hoan,hoi-hoan
06154,20,Xã Văn Lãng,van-lang
06172,20,Xã Hoàng Văn Thụ,hoang-van-thu
06184,20,Xã Đồng Đăng,dong-dang
06187,20,Phường Kỳ Lừa,ky-lua
06196,20,Xã Ba Sơn,ba-son
06211,20,Xã Cao Lộc,cao-loc
06220,20,Xã Công Sơn,cong-son
06253,20,Xã Văn Quan,van-quan
06280,20,Xã Điềm He,diem-he
06286,20,Xã Khánh Khê,khanh-khe
06298,20,Xã Yên Phúc,yen-phuc
06313,20,Xã Tri Lễ,tri-le
06316,20,Xã Tân Đoàn,tan-doan
06325,20,xã Bắc Sơn,bac-son
06337,20,Xã Tân Tri,tan-tri
06349,20,Xã Hưng Vũ,hung-vu
06364,20,Xã Vũ Lễ,vu-le
06367,20,Xã Vũ Lăng,vu-lang
06376,20,Xã Nhất Hoà,nhat-hoa
06385,20,Xã Hữu Lũng,huu-lung
06391,20,Xã Yên Bình,yen-binh
06400,20,Xã Hữu Liên,huu-lien
06415,20,Xã Vân Nham,van-nham
06427,20,Xã Cai Kinh,cai-kinh
06436,20,Xã Thiện Tân,thien-tan
06445,20,Xã Tân Thành,tan-thanh
06457,20,Xã Tuấn Sơn,tuan-son
06463,20,Xã Chi Lăng,chi-lang
06475,20,Xã Bằng Mạc,bang-mac
06481,20,Xã Chiến Thắng,chien-thang
06496,20,Xã Nhân Lý,nhan-ly
06505,20,Xã Vạn Linh,van-linh
06517,20,Xã Quan Sơn,quan-son
06526,20,Xã Na Dương,na-duong
06529,20,Xã Lộc Bình,loc-binh
06541,20,Xã Mẫu Sơn,mau-son
06565,20,Xã Khuất Xá,khuat-xa
06577,20,Xã Thống Nhất,thong-nhat
06601,20,Xã Lợi Bác,loi-bac
06607,20,Xã Xuân Dương,xuan-duong
06613,20,Xã Đình Lập,dinh-lap
06616,20,Xã Thái Bình,thai-binh
06625,20,Xã Kiên Mộc,kien-moc
06637,20,Xã Châu Sơn,chau-son
06652,22,Phường Hà Tu,ha-tu
06658,22,Phường Cao Xanh,cao-xanh
06661,22,Phường Việt Hưng,viet-hung
06673,22,Phường Bãi Cháy,bai-chay
06676,22,Phường Hà Lầm,ha-lam
06685,22,Phường Hồng Gai,hong-gai
06688,22,Phường Hạ Long,ha-long
06706,22,Phường Tuần Châu,tuan-chau
06709,22,Phường Móng Cái 2,mong-cai-2
06712,22,Phường Móng Cái 1,mong-cai-1
06724,22,Xã Hải Sơn,hai-son
06733,22,Xã Hải Ninh,hai-ninh
06736,22,Phường Móng Cái 3,mong-cai-3
06757,22,Xã Vĩnh Thực,vinh-thuc
06760,22,Phường Mông Dương,mong-duong
06778,22,Phường Quang Hanh,quang-hanh
06781,22,Phường Cửa Ông,cua-ong
06793,22,Phường Cẩm Phả,cam-pha
06799,22,Xã Hải Hoà,hai-hoa
06811,22,Phường Uông Bí,uong-bi
06820,22,Phường Vàng Danh,vang-danh
06832,22,Phường Yên Tử,yen-tu
06838,22,Xã Bình Liêu,binh-lieu
06841,22,Xã Hoành Mô,hoanh-mo
06856,22,Xã Lục Hồn,luc-hon
06862,22,Xã Tiên Yên,tien-yen
06874,22,Xã Điền Xá,dien-xa
06877,22,Xã Đông Ngũ,dong-ngu
06886,22,Xã Hải Lạng,hai-lang
06895,22,Xã Đầm Hà,dam-ha
06913,22,Xã Quảng Tân,quang-tan
06922,22,Xã Quảng Hà,quang-ha
06931,22,Xã Quảng Đức,quang-duc
06946,22,Xã Đường Hoa,duong-hoa
06967,22,Xã Cái Chiên,cai-chien
06970,22,Xã Ba Chẽ,ba-che
06979,22,Xã Kỳ Thượng,ky-thuong
06985,22,Xã Lương Minh,luong-minh
06994,22,Đặc khu Vân Đồn,van-don
07030,22,Phường Hoành Bồ,hoanh-bo
07054,22,Xã Quảng La,quang-la
07060,22,Xã Thống Nhất,thong-nhat
07069,22,Phường Mạo Khê,mao-khe
07081,22,Phường Bình Khê,binh-khe
07090,22,Phường An Sinh,an-sinh
07093,22,Phường Đông Triều,dong-trieu
07114,22,Phường Hoàng Quế,hoang-que
07132,22,Phường Quảng Yên,quang-yen
07135,22,Phường Đông Mai,dong-mai
07147,22,Phường Hiệp Hoà,hiep-hoa
07168,22,Phường Hà An,ha-an
07180,22,Phường Liên Hoà,lien-hoa
07183,22,Phường Phong Cốc,phong-coc
07192,22,Đặc khu Cô Tô,co-to
07210,24,Phường Bắc Giang,bac-giang
07228,24,Phường Đa Mai,da-mai
07246,24,Xã Xuân Lương,xuan-luong
07264,24,Xã Tam Tiến,tam-tien
07282,24,Xã Đồng Kỳ,dong-ky
07288,24,Xã Yên Thế,yen-the
07294,24,Phường Bố Hạ,bo-ha
07306,24,Xã Nhã Nam,nha-nam
07330,24,Xã Phúc Hoà,phuc-hoa
07333,24,Xã Quang Trung,quang-trung
07339,24,Xã Tân Yên,tan-yen
07351,24,Xã Ngọc Thiện,ngoc-thien
07375,24,Phường Lạng Giang,lang-giang
07381,24,Xã Tiên Lục,tien-luc
07399,24,Phường Kép,kep
07420,24,Xã Mỹ Thái,my-thai
07432,24,Xã Tân Dĩnh,tan-dinh
07444,24,Phường Lục Nam,luc-nam
07450,24,Xã Đông Phú,dong-phu
07462,24,Xã Bảo Đài,bao-dai
07486,24,Xã Nghĩa Phương,nghia-phuong
07489,24,Xã Trường Sơn,truong-son
07492,24,Xã Lục Sơn,luc-son
07498,24,Xã Bắc Lũng,bac-lung
07519,24,Xã Cẩm Lý,cam-ly
07525,24,Phường Chũ,chu
07531,24,Xã Tân Sơn,tan-son
07534,24,Xã Sa Lý,sa-ly
07537,24,Xã Biên Sơn,bien-son
07543,24,Xã Sơn Hải,son-hai
07552,24,Xã Kiên Lao,kien-lao
07573,24,Xã Biển Động,bien-dong
07582,24,Xã Lục Ngạn,luc-ngan
07594,24,Xã Đèo Gia,deo-gia
07603,24,Xã Nam Dương,nam-duong
07612,24,Phường Phượng Sơn,phuong-son
07615,24,Xã Sơn Động,son-dong
07616,24,Xã Tây Yên Tử,tay-yen-tu
07621,24,Xã Vân Sơn,van-son
07627,24,Xã Đại Sơn,dai-son
07642,24,Xã Yên Định,yen-dinh
07654,24,Xã An Lạc,an-lac
07663,24,Xã Tuấn Đạo,tuan-dao
07672,24,Xã Dương Hưu,duong-huu
07681,24,Phường Yên Dũng,yen-dung
07682,24,Phường Tân An,tan-an
07696,24,Phường Tiền Phong,tien-phong
07699,24,Phường Tân Tiến,tan-tien
07735,24,Xã Đồng Việt,dong-viet
07738,24,Phường Cảnh Thuỵ,canh-thuy
07774,24,Phường Tự Lạn,tu-lan
07777,24,Phường Việt Yên,viet-yen
07795,24,Phường Nếnh,nenh
07798,24,Phường Vân Hà,van-ha
07822,24,Xã Hoàng Vân,hoang-van
07840,24,Phường Hiệp Hoà,hiep-hoa
07864,24,Xã Hợp Thịnh,hop-thinh
07870,24,Xã Xuân Cẩm,xuan-cam
07894,25,Phường Nông Trang,nong-trang
07900,25,Phường Việt Trì,viet-tri
07909,25,Phường Thanh Miếu,thanh-mieu
07918,25,Phường Vân Phú,van-phu
07942,25,Phường Phú Thọ,phu-tho
07948,25,Phường Âu Cơ,au-co
07954,25,Phường Phong Châu,phong-chau
07969,25,Xã Đoan Hùng,doan-hung
07996,25,Xã Bằng Luân,bang-luan
07999,25,Xã Chí Đám,chi-dam
08023,25,Xã Tây Cốc,tay-coc
08038,25,Xã Chân Mộng,chan-mong
08053,25,Xã Hạ Hoà,ha-hoa
08071,25,Xã Đan Thượng,dan-thuong
08110,25,Xã Hiền Lương,hien-luong
08113,25,Xã Yên Kỳ,yen-ky
08134,25,Xã Văn Lang,van-lang
08143,25,Xã Vĩnh Chân,vinh-chan
08152,25,Xã Thanh Ba,thanh-ba
08173,25,Xã Quảng Yên,quang-yen
08203,25,Xã Hoàng Cương,hoang-cuong
08209,25,Xã Đông Thành,dong-thanh
08218,25,Xã Chí Tiên,chi-tien
08227,25,Xã Liên Minh,lien-minh
08230,25,Xã Phù Ninh,phu-ninh
08236,25,Xã Phú Mỹ,phu-my
08245,25,Xã Trạm Thản,tram-than
08254,25,Xã Dân Chủ,dan-chu
08275,25,Xã Bình Phú,binh-phu
08290,25,Xã Yên Lập,yen-lap
08296,25,Xã Sơn Lương,son-luong
08305,25,Xã Xuân Viên,xuan-vien
08311,25,Xã Trung Sơn,trung-son
08323,25,Xã Thượng Long,thuong-long
08338,25,Xã Minh Hoà,minh-hoa
08341,25,Xã Cẩm Khê,cam-khe
08344,25,Xã Tiên Lương,tien-luong
08377,25,Xã Vân Bán,van-ban
08398,25,Xã Phú Khê,phu-khe
08416,25,Xã Hùng Việt,hung-viet
08431,25,Xã Đồng Lương,dong-luong
08434,25,Xã Tam Nông,tam-nong
08443,25,Xã Hiền Quan,hien-quan
08467,25,Xã Vạn Xuân,van-xuan
08479,25,Xã Thọ Văn,tho-van
08494,25,Xã Lâm Thao,lam-thao
08500,25,Xã Xuân Lũng,xuan-lung
08515,25,Xã Hy Cương,hy-cuong
08521,25,Xã Phùng Nguyên,phung-nguyen
08527,25,Xã Bản Nguyên,ban-nguyen
08542,25,Xã Thanh Sơn,thanh-son
08545,25,Xã Thu Cúc,thu-cuc
08560,25,Xã Lai Đồng,lai-dong
08566,25,Xã Tân Sơn,tan-son
08584,25,Xã Võ Miếu,vo-mieu
08590,25,Xã Xuân Đài,xuan-dai
08593,25,Xã Minh Đài,minh-dai
08611,25,Xã Văn Miếu,van-mieu
08614,25,Xã Cự Đồng,cu-dong
08620,25,Xã Long Cốc,long-coc
08632,25,Xã Hương Cần,huong-can
08635,25,Xã Khả Cửu,kha-cuu
08656,25,Xã Yên Sơn,yen-son
08662,25,Xã Đào Xá,dao-xa
08674,25,Xã Thanh Thuỷ,thanh-thuy
08686,25,Xã Tu Vũ,tu-vu
08707,25,Phường Vĩnh Yên,vinh-yen
08716,25,Phường Vĩnh Phúc,vinh-phuc
08740,25,Phường Phúc Yên,phuc-yen
08746,25,Phường Xuân Hoà,xuan-hoa
08761,25,Xã Lập Thạch,lap-thach
08770,25,Xã Hợp Lý,hop-ly
08773,25,Xã Yên Lãng,yen-lang
08782,25,Xã Hải Lựu,hai-luu
08788,25,Xã Thái Hoà,thai-hoa
08812,25,Xã Liên Hoà,lien-hoa
08824,25,Xã Tam Sơn,tam-son
08842,25,Xã Tiên Lữ,tien-lu
08848,25,Xã Sông Lô,song-lo
08866,25,Xã Sơn Đông,son-dong
08869,25,Xã Tam Dương,tam-duong
08872,25,Xã Tam Dương Bắc,tam-duong-bac
08896,25,Xã Hoàng An,hoang-an
08905,25,Xã Hội Thịnh,hoi-thinh
08911,25,Xã Tam Đảo,tam-dao
08914,25,Xã Đạo Trù,dao-tru
08923,25,Xã Đại Đình,dai-dinh
08935,25,Xã Bình Nguyên,binh-nguyen
08944,25,Xã Bình Tuyền,binh-tuyen
08950,25,Xã Bình Xuyên,binh-xuyen
08971,25,Xã Xuân Lãng,xuan-lang
08974,01,Xã Quang Minh,quang-minh
08980,01,Xã Yên Lãng,yen-lang
08995,01,Xã Tiến Thắng,tien-thang
09022,01,Xã Mê Linh,me-linh
09025,25,Xã Yên Lạc,yen-lac
09040,25,Xã Tề Lỗ,te-lo
09043,25,Xã Tam Hồng,tam-hong
09052,25,Xã Nguyệt Đức,nguyet-duc
09064,25,Xã Liên Châu,lien-chau
09076,25,Xã Vĩnh Tường,vinh-tuong
09079,25,Xã Vĩnh An,vinh-an
09100,25,Xã Vĩnh Hưng,vinh-hung
09106,25,Xã Vĩnh Thành,vinh-thanh
09112,25,Xã Thổ Tang,tho-tang
09154,25,Xã Vĩnh Phú,vinh-phu
09169,24,Phường Vũ Ninh,vu-ninh
09187,24,Phường Kinh Bắc,kinh-bac
09190,24,Phường Võ Cường,vo-cuong
09193,24,Phường Yên Phong,yen-phong
09202,24,Xã Tam Giang,tam-giang
09205,24,Xã Yên Trung,yen-trung
09208,24,Xã Tam Đa,tam-da
09238,24,Xã Văn Môn,van-mon
09247,24,Phường Quế Võ,que-vo
09253,24,Phường Nhân Hoà,nhan-hoa
09265,24,Phường Phương Liễu,phuong-lieu
09286,24,Phường Nam Sơn,nam-son
09292,24,Phường Phù Lãng,phu-lang
09295,24,Phường Bồng Lai,bong-lai
09301,24,Phường Đào Viên,dao-vien
09313,24,Phường Chi Lăng,chi-lang
09319,24,Phường Tiên Du,tien-du
09325,24,Phường Hạp Lĩnh,hap-linh
09334,24,Xã Liên Bão,lien-bao
09340,24,Xã Đại Đồng,dai-dong
09343,24,Xã Tân Chi,tan-chi
09349,24,Xã Phật Tích,phat-tich
09367,24,Phường Từ Sơn,tu-son
09370,24,Phường Tam Sơn,tam-son
09379,24,Phường Phù Khê,phu-khe
09385,24,Phường Đồng Nguyên,dong-nguyen
09400,24,Phường Thuận Thành,thuan-thanh
09409,24,Phường Mão Điền,mao-dien
09427,24,Phường Trí Quả,tri-qua
09430,24,Phường Trạm Lộ,tram-lo
09433,24,Phường Song Liễu,song-lieu
09445,24,Phường Ninh Xá,ninh-xa
09454,24,Phường Gia Bình,gia-binh
09466,24,Xã Cao Đức,cao-duc
09469,24,Xã Đại Lai,dai-lai
09475,24,Phường Nhân Thắng,nhan-thang
09487,24,Xã Đông Cứu,dong-cuu
09496,24,Phường Lương Tài,luong-tai
09499,24,Xã Trung Kênh,trung-kenh
09523,24,Xã Trung Chính,trung-chinh
09529,24,Xã Lâm Thao,lam-thao
09552,01,Phường Kiến Hưng,kien-hung
09556,01,Phường Hà Đông,ha-dong
09562,01,Phường Yên Nghĩa,yen-nghia
09568,01,Phường Phú Lương,phu-luong
09574,01,Phường Sơn Tây,son-tay
09604,01,Phường Tùng Thiện,tung-thien
09616,01,Xã Đoài Phương,doai-phuong
09619,01,Xã Quảng Oai,quang-oai
09634,01,Xã Cổ Đô,co-do
09661,01,Xã Minh Châu,minh-chau
09664,01,Xã Vật Lại,vat-lai
09676,01,Xã Bất Bạt,bat-bat
09694,01,Xã Suối Hai,suoi-hai
09700,01,Xã Ba Vì,ba-vi
09706,01,Xã Yên Bài,yen-bai
09715,01,Xã Phúc Thọ,phuc-tho
09739,01,Xã Phúc Lộc,phuc-loc
09772,01,Xã Hát Môn,hat-mon
09784,01,Xã Đan Phượng,dan-phuong
09787,01,Xã Liên Minh,lien-minh
09817,01,Xã Ô Diên,o-dien
09832,01,Xã Hoài Đức,hoai-duc
09856,01,Xã Dương Hoà,duong-hoa
09871,01,Xã Sơn Đồng,son-dong
09877,01,Xã An Khánh,an-khanh
09886,01,Phường Dương Nội,duong-noi
09895,01,Xã Quốc Oai,quoc-oai
09910,01,Xã Kiều Phú,kieu-phu
09931,01,Xã Hưng Đạo,hung-dao
09952,01,Xã Phú Cát,phu-cat
09955,01,Xã Thạch Thất,thach-that
09982,01,Xã Hạ Bằng,ha-bang
09988,01,Xã Hoà Lạc,hoa-lac
10003,01,Xã Tây Phương,tay-phuong
10015,01,Phường Chương Mỹ,chuong-my
10030,01,Xã Phú Nghĩa,phu-nghia
10045,01,Xã Xuân Mai,xuan-mai
10072,01,Xã Quảng Bị,quang-bi
10081,01,Xã Trần Phú,tran-phu
10096,01,Xã Hoà Phú,hoa-phu
10114,01,Xã Thanh Oai,thanh-oai
10126,01,Xã Bình Minh,binh-minh
10144,01,Xã Tam Hưng,tam-hung
10180,01,Xã Dân Hoà,dan-hoa
10183,01,Xã Thường Tín,thuong-tin
10210,01,Xã Hồng Vân,hong-van
10231,01,Xã Thượng Phúc,thuong-phuc
10237,01,Xã Chương Dương,chuong-duong
10273,01,Xã Phú Xuyên,phu-xuyen
10279,01,Xã Phượng Dực,phuong-duc
10330,01,Xã Chuyên Mỹ,chuyen-my
10342,01,Xã Đại Xuyên,dai-xuyen
10354,01,Xã Vân Đình,van-dinh
10369,01,Xã Ứng Thiên,ung-thien
10402,01,Xã Ứng Hoà,ung-hoa
10417,01,Xã Hoà Xá,hoa-xa
10441,01,Xã Mỹ Đức,my-duc
10459,01,Xã Phúc Sơn,phuc-son
10465,01,Xã Hồng Sơn,hong-son
10489,01,Xã Hương Sơn,huong-son
10507,31,Phường Thành Đông,thanh-dong
10525,31,Phường Hải Dương,hai-duong
10532,31,Phường Lê Thanh Nghị,le-thanh-nghi
10537,31,Phường Tân Hưng,tan-hung
10543,31,Phường Việt Hoà,viet-hoa
10546,31,Phường Chí Linh,chi-linh
10549,31,Phường Chu Văn An,chu-van-an
10552,31,Phường Nguyễn Trãi,nguyen-trai
10570,31,Phường Trần Hưng Đạo,tran-hung-dao
10573,31,Phường Trần Nhân Tông,tran-nhan-tong
10603,31,Phường Lê Đại Hành,le-dai-hanh
10606,31,Xã Nam Sách,nam-sach
10615,31,Xã Hợp Tiến,hop-tien
10633,31,Xã Trần Phú,tran-phu
10642,31,Xã Thái Tân,thai-tan
10645,31,Xã An Phú,an-phu
10660,31,Phường Ái Quốc,ai-quoc
10675,31,Phường Kinh Môn,kinh-mon
10678,31,Phường Bắc An Phụ,bac-an-phu
10705,31,Xã Nam An Phụ,nam-an-phu
10714,31,Phường Nhị Chiểu,nhi-chieu
10726,31,Phường Phạm Sư Mạnh,pham-su-manh
10729,31,Phường Trần Liễu,tran-lieu
10744,31,Phường Nguyễn Đại Năng,nguyen-dai-nang
10750,31,Xã Phú Thái,phu-thai
10756,31,Xã Lai Khê,lai-khe
10792,31,Xã An Thành,an-thanh
10804,31,Xã Kim Thành,kim-thanh
10813,31,Xã Thanh Hà,thanh-ha
10816,31,Xã Hà Bắc,ha-bac
10837,31,Phường Nam Đồng,nam-dong
10843,31,Xã Hà Nam,ha-nam
10846,31,Xã Hà Tây,ha-tay
10882,31,Xã Hà Đông,ha-dong
10888,31,Xã Cẩm Giang,cam-giang-10888
10891,31,Phường Tứ Minh,tu-minh
10903,31,Xã Cẩm Giàng,cam-giang-10903
10909,31,Xã Tuệ Tĩnh,tue-tinh
10930,31,Xã Mao Điền,mao-dien
10945,31,Xã Kẻ Sặt,ke-sat
10966,31,Xã Bình Giang,binh-giang
10972,31,Xã Đường An,duong-an
10993,31,Xã Thượng Hồng,thuong-hong
10999,31,Xã Gia Lộc,gia-loc
11002,31,Phường Thạch Khôi,thach-khoi
11020,31,Xã Yết Kiêu,yet-kieu
11050,31,Xã Gia Phúc,gia-phuc
11065,31,Xã Trường Tân,truong-tan
11074,31,Xã Tứ Kỳ,tu-ky
11086,31,Xã Đại Sơn,dai-son
11113,31,Xã Tân Kỳ,tan-ky
11131,31,Xã Chí Minh,chi-minh
11140,31,Xã Lạc Phượng,lac-phuong
11146,31,Xã Nguyên Giáp,nguyen-giap
11164,31,Xã Vĩnh Lại,vinh-lai
11167,31,Xã Tân An,tan-an
11203,31,Xã Ninh Giang,ninh-giang
11218,31,Xã Hồng Châu,hong-chau
11224,31,Xã Khúc Thừa Dụ,khuc-thua-du
11239,31,Xã Thanh Miện,thanh-mien
11242,31,Xã Nguyễn Lương Bằng,nguyen-luong-bang
11254,31,Xã Bắc Thanh Miện,bac-thanh-mien
11257,31,Xã Hải Hưng,hai-hung
11284,31,Xã Nam Thanh Miện,nam-thanh-mien
11311,31,Phường Hồng Bàng,hong-bang
11329,31,Phường Ngô Quyền,ngo-quyen
11359,31,Phường Gia Viên,gia-vien
11383,31,Phường Lê Chân,le-chan
11407,31,Phường An Biên,an-bien
11411,31,Phường Đông Hải,dong-hai
11413,31,Phường Hải An,hai-an
11443,31,Phường Kiến An,kien-an
11446,31,Phường Phù Liễn,phu-lien
11455,31,Phường Đồ Sơn,do-son
11473,31,Phường Bạch Đằng,bach-dang
11488,31,Phường Lưu Kiếm,luu-kiem
11503,31,Xã Việt Khê,viet-khe
11506,31,Phường Lê Ích Mộc,le-ich-moc
11533,31,Phường Hoà Bình,hoa-binh
11542,31,Phường Nam Triệu,nam-trieu
11557,31,Phường Thiên Hương,thien-huong
11560,31,Phường Thuỷ Nguyên,thuy-nguyen
11581,31,Phường An Dương,an-duong
11593,31,Phường An Phong,an-phong
11602,31,Phường Hồng An,hong-an
11617,31,Phường An Hải,an-hai
11629,31,Xã An Lão,an-lao
11635,31,Xã An Trường,an-truong
11647,31,Xã An Quang,an-quang
11668,31,Xã An Khánh,an-khanh
11674,31,Xã An Hưng,an-hung
11680,31,Xã Kiến Thuỵ,kien-thuy
11689,31,Phường Hưng Đạo,hung-dao
11692,31,Phường Dương Kinh,duong-kinh
11713,31,Xã Nghi Dương,nghi-duong
11725,31,Xã Kiến Minh,kien-minh
11728,31,Xã Kiến Hưng,kien-hung
11737,31,Phường Nam Đồ Sơn,nam-do-son
11749,31,Xã Kiến Hải,kien-hai
11755,31,Xã Tiên Lãng,tien-lang
11761,31,Xã Quyết Thắng,quyet-thang
11779,31,Xã Tân Minh,tan-minh
11791,31,Xã Tiên Minh,tien-minh
11806,31,Xã Chấn Hưng,chan-hung
11809,31,Xã Hùng Thắng,hung-thang
11824,31,Xã Vĩnh Bảo,vinh-bao
11836,31,Xã Vĩnh Thịnh,vinh-thinh
11842,31,Xã Vĩnh Thuận,vinh-thuan
11848,31,Xã Vĩnh Hoà,vinh-hoa
11875,31,Xã Vĩnh Hải,vinh-hai
11887,31,Xã Vĩnh Am,vinh-am
11911,31,Xã Nguyễn Bỉnh Khiêm,nguyen-binh-khiem
11914,31,Đặc khu Cát Hải,cat-hai
11948,31,Đặc khu Bạch Long Vĩ,bach-long-vi
11953,33,Phường Phố Hiến,pho-hien
11977,33,Xã Tân Hưng,tan-hung
11980,33,Phường Hồng Châu,hong-chau
11983,33,Phường Sơn Nam,son-nam
11992,33,Xã Lạc Đạo,lac-dao
11995,33,Xã Đại Đồng,dai-dong
12004,33,Xã Như Quỳnh,nhu-quynh
12019,33,Xã Văn Giang,van-giang
12025,33,Xã Phụng Công,phung-cong
12031,33,Xã Nghĩa Trụ,nghia-tru
12049,33,Xã Mễ Sở,me-so
12064,33,Xã Nguyễn Văn Linh,nguyen-van-linh
12070,33,Xã Hoàn Long,hoan-long
12073,33,Xã Yên Mỹ,yen-my
12091,33,Xã Việt Yên,viet-yen
12103,33,Phường Mỹ Hào,my-hao
12127,33,Phường Thượng Hồng,thuong-hong
12133,33,Phường Đường Hào,duong-hao
12142,33,Xã Ân Thi,an-thi
12148,33,Xã Phạm Ngũ Lão,pham-ngu-lao
12166,33,Xã Xuân Trúc,xuan-truc
12184,33,Xã Nguyễn Trãi,nguyen-trai
12196,33,Xã Hồng Quang,hong-quang
12205,33,Xã Khoái Châu,khoai-chau
12223,33,Xã Triệu Việt Vương,trieu-viet-vuong
12238,33,Xã Việt Tiến,viet-tien
12247,33,Xã Châu Ninh,chau-ninh
12271,33,Xã Chí Minh,chi-minh
12280,33,Xã Lương Bằng,luong-bang
12286,33,Xã Nghĩa Dân,nghia-dan
12313,33,Xã Đức Hợp,duc-hop
12322,33,Xã Hiệp Cường,hiep-cuong
12337,33,Xã Hoàng Hoa Thám,hoang-hoa-tham
12361,33,Xã Tiên Hoa,tien-hoa
12364,33,Xã Tiên Lữ,tien-lu
12391,33,Xã Quang Hưng,quang-hung
12406,33,Xã Đoàn Đào,doan-dao
12424,33,Xã Tiên Tiến,tien-tien
12427,33,Xã Tống Trân,tong-tran
12452,33,Phường Trần Hưng Đạo,tran-hung-dao
12454,33,Phường Trần Lãm,tran-lam
12466,33,Phường Vũ Phúc,vu-phuc
12472,33,Xã Quỳnh Phụ,quynh-phu
12499,33,Xã A Sào,a-sao
12511,33,Xã Minh Thọ,minh-tho
12517,33,Xã Ngọc Lâm,ngoc-lam
12523,33,Xã Phụ Dực,phu-duc
12526,33,Xã Đồng Bằng,dong-bang
12532,33,Xã Nguyễn Du,nguyen-du
12577,33,Xã Quỳnh An,quynh-an
12583,33,Xã Tân Tiến,tan-tien
12586,33,Xã Hưng Hà,hung-ha
12595,33,Xã Ngự Thiên,ngu-thien
12613,33,Xã Long Hưng,long-hung
12619,33,Xã Diên Hà,dien-ha
12631,33,Xã Thần Khê,than-khe
12634,33,Xã Tiên La,tien-la
12676,33,Xã Lê Quý Đôn,le-quy-don
12685,33,Xã Hồng Minh,hong-minh
12688,33,Xã Đông Hưng,dong-hung
12694,33,Xã Bắc Đông Hưng,bac-dong-hung
12700,33,Xã Bắc Tiên Hưng,bac-tien-hung
12736,33,Xã Đông Tiên Hưng,dong-tien-hung
12745,33,Xã Bắc Đông Quan,bac-dong-quan
12754,33,Xã Tiên Hưng,tien-hung
12763,33,Xã Nam Tiên Hưng,nam-tien-hung
12775,33,Xã Nam Đông Hưng,nam-dong-hung
12793,33,Xã Đông Quan,dong-quan
12817,33,Phường Trà Lý,tra-ly
12826,33,Xã Thái Thuỵ,thai-thuy
12850,33,Xã Tây Thuỵ Anh,tay-thuy-anh
12859,33,Xã Bắc Thuỵ Anh,bac-thuy-anh
12862,33,Xã Đông Thuỵ Anh,dong-thuy-anh
12865,33,Xã Thuỵ Anh,thuy-anh
12904,33,Xã Nam Thuỵ Anh,nam-thuy-anh
12916,33,Xã Bắc Thái Ninh,bac-thai-ninh
12919,33,Xã Tây Thái Ninh,tay-thai-ninh
12922,33,Xã Thái Ninh,thai-ninh
12943,33,Xã Đông Thái Ninh,dong-thai-ninh
12961,33,Xã Nam Thái Ninh,nam-thai-ninh
12970,33,Xã Tiền Hải,tien-hai
12988,33,Xã Đông Tiền Hải,dong-tien-hai
13003,33,Xã Đồng Châu,dong-chau
13021,33,Xã Ái Quốc,ai-quoc
13039,33,Xã Tây Tiền Hải,tay-tien-hai
13057,33,Xã Nam Cường,nam-cuong
13063,33,Xã Nam Tiền Hải,nam-tien-hai
13066,33,Xã Hưng Phú,hung-phu
13075,33,Xã Kiến Xương,kien-xuong
13093,33,Xã Trà Giang,tra-giang
13096,33,Xã Bình Nguyên,binh-nguyen
13120,33,Xã Lê Lợi,le-loi
13132,33,Xã Quang Lịch,quang-lich
13141,33,Xã Vũ Quý,vu-quy
13159,33,Xã Hồng Vũ,hong-vu
13183,33,Xã Bình Thanh,binh-thanh
13186,33,Xã Bình Định,binh-dinh
13192,33,Xã Vũ Thư,vu-thu
13219,33,Xã Vạn Xuân,van-xuan
13222,33,Xã Thư Trì,thu-tri
13225,33,Phường Thái Bình,thai-binh
13246,33,Xã Tân Thuận,tan-thuan
13264,33,Xã Thư Vũ,thu-vu
13279,33,Xã Vũ Tiên,vu-tien
13285,37,Phường Phủ Lý,phu-ly
13291,37,Phường Phù Vân,phu-van
13318,37,Phường Châu Sơn,chau-son
13324,37,Phường Duy Tiên,duy-tien
13330,37,Phường Duy Tân,duy-tan
13336,37,Phường Duy Hà,duy-ha
13348,37,Phường Đồng Văn,dong-van
13363,37,Phường Tiên Sơn,tien-son
13366,37,Phường Hà Nam,ha-nam
13384,37,Phường Kim Bảng,kim-bang
13393,37,Phường Lê Hồ,le-ho
13396,37,Phường Nguyễn Úy,nguyen-uy
13402,37,Phường Kim Thanh,kim-thanh
13420,37,Phường Tam Chúc,tam-chuc
13435,37,Phường Lý Thường Kiệt,ly-thuong-kiet
13444,37,Phường Liêm Tuyền,liem-tuyen
13456,37,Xã Liêm Hà,liem-ha
13474,37,Xã Tân Thanh,tan-thanh
13483,37,Xã Thanh Bình,thanh-binh
13489,37,Xã Thanh Lâm,thanh-lam
13495,37,Xã Thanh Liêm,thanh-liem
13501,37,Xã Bình Mỹ,binh-my
13504,37,Xã Bình Lục,binh-luc
13531,37,Xã Bình Giang,binh-giang
13540,37,Xã Bình An,binh-an
13558,37,Xã Bình Sơn,binh-son
13573,37,Xã Lý Nhân,ly-nhan
13579,37,Xã Bắc Lý,bac-ly
13591,37,Xã Nam Xang,nam-xang
13594,37,Xã Trần Thương,tran-thuong
13597,37,Xã Vĩnh Trụ,vinh-tru
13609,37,Xã Nhân Hà,nhan-ha
13627,37,Xã Nam Lý,nam-ly
13669,37,Phường Nam Định,nam-dinh
13684,37,Phường Thiên Trường,thien-truong
13693,37,Phường Đông A,dong-a
13699,37,Phường Thành Nam,thanh-nam
13708,37,Phường Mỹ Lộc,my-loc
13741,37,Xã Vụ Bản,vu-ban
13750,37,Xã Minh Tân,minh-tan
13753,37,Xã Hiển Khánh,hien-khanh
13777,37,Phường Trường Thi,truong-thi
13786,37,Xã Liên Minh,lien-minh
13795,37,Xã Ý Yên,y-yen
13807,37,Xã Tân Minh,tan-minh
13822,37,Xã Phong Doanh,phong-doanh
13834,37,Xã Vũ Dương,vu-duong
13864,37,Xã Vạn Thắng,van-thang
13870,37,Xã Yên Cường,yen-cuong
13879,37,Xã Yên Đồng,yen-dong
13891,37,Xã Nghĩa Hưng,nghia-hung
13894,37,Xã Rạng Đông,rang-dong
13900,37,Xã Đồng Thịnh,dong-thinh
13918,37,Xã Nghĩa Sơn,nghia-son
13927,37,Xã Hồng Phong,hong-phong
13939,37,Xã Quỹ Nhất,quy-nhat
13957,37,Xã Nghĩa Lâm,nghia-lam
13966,37,Xã Nam Trực,nam-truc
13972,37,Phường Vị Khê,vi-khe
13984,37,Phường Hồng Quang,hong-quang
13987,37,Xã Nam Hồng,nam-hong
14005,37,Xã Nam Ninh,nam-ninh
14011,37,Xã Nam Minh,nam-minh
14014,37,Xã Nam Đồng,nam-dong
14026,37,Xã Cổ Lễ,co-le
14038,37,Xã Ninh Giang,ninh-giang
14053,37,Xã Trực Ninh,truc-ninh
14056,37,Xã Cát Thành,cat-thanh
14062,37,Xã Quang Hưng,quang-hung
14071,37,Xã Minh Thái,minh-thai
14077,37,Xã Ninh Cường,ninh-cuong
14089,37,Xã Xuân Trường,xuan-truong
14095,37,Xã Xuân Hồng,xuan-hong
14104,37,Xã Xuân Giang,xuan-giang
14122,37,Xã Xuân Hưng,xuan-hung
14161,37,Xã Giao Minh,giao-minh
14167,37,Xã Giao Thuỷ,giao-thuy
14179,37,Xã Giao Hưng,giao-hung
14182,37,Xã Giao Hoà,giao-hoa
14194,37,Xã Giao Bình,giao-binh
14203,37,Xã Giao Phúc,giao-phuc
14212,37,Xã Giao Ninh,giao-ninh
14215,37,Xã Hải Hậu,hai-hau
14218,37,Xã Hải Tiến,hai-tien
14221,37,Xã Hải Thịnh,hai-thinh
14236,37,Xã Hải Anh,hai-anh
14248,37,Xã Hải Hưng,hai-hung
14281,37,Xã Hải An,hai-an
14287,37,Xã Hải Quang,hai-quang
14308,37,Xã Hải Xuân,hai-xuan
14329,37,Phường Hoa Lư,hoa-lu
14359,37,Phường Nam Hoa Lư,nam-hoa-lu
14362,37,Phường Tam Điệp,tam-diep
14365,37,Phường Trung Sơn,trung-son
14371,37,Phường Yên Sơn,yen-son
14389,37,Xã Gia Lâm,gia-lam
14401,37,Xã Gia Tường,gia-tuong
14404,37,Xã Cúc Phương,cuc-phuong
14407,37,Xã Phú Sơn,phu-son
14428,37,Xã Nho Quan,nho-quan
14434,37,Xã Thanh Sơn,thanh-son
14452,37,Xã Quỳnh Lưu,quynh-luu
14458,37,Xã Phú Long,phu-long
14464,37,Xã Gia Viễn,gia-vien
14482,37,Xã Gia Hưng,gia-hung
14488,37,Xã Gia Vân,gia-van
14494,37,Xã Gia Trấn,gia-tran
14500,37,Xã Đại Hoàng,dai-hoang
14524,37,Xã Gia Phong,gia-phong
14533,37,Phường Tây Hoa Lư,tay-hoa-lu
14560,37,Xã Yên Khánh,yen-khanh
14563,37,Xã Khánh Thiện,khanh-thien
14566,37,Phường Đông Hoa Lư,dong-hoa-lu
14608,37,Xã Khánh Trung,khanh-trung
14611,37,Xã Khánh Nhạc,khanh-nhac
14614,37,Xã Khánh Hội,khanh-hoi
14620,37,Xã Phát Diệm,phat-diem
14623,37,Xã Bình Minh,binh-minh
14638,37,Xã Kim Sơn,kim-son
14647,37,Xã Quang Thiện,quang-thien
14653,37,Xã Chất Bình,chat-binh
14674,37,Xã Lai Thành,lai-thanh
14677,37,Xã Định Hoá,dinh-hoa
14698,37,Xã Kim Đông,kim-dong
14701,37,Xã Yên Mô,yen-mo
14725,37,Phường Yên Thắng,yen-thang
14728,37,Xã Yên Từ,yen-tu
14743,37,Xã Yên Mạc,yen-mac
14746,37,Xã Đồng Thái,dong-thai
14758,38,Phường Hàm Rồng,ham-rong
14797,38,Phường Hạc Thành,hac-thanh
14812,38,Phường Bỉm Sơn,bim-son
14818,38,Phường Quang Trung,quang-trung
14845,38,Xã Mường Lát,muong-lat
14848,38,Xã Tam Chung,tam-chung
14854,38,Xã Mường Lý,muong-ly
14857,38,Xã Trung Lý,trung-ly
14860,38,Xã Quang Chiểu,quang-chieu
14863,38,Xã Pù Nhi,pu-nhi
14864,38,Xã Nhi Sơn,nhi-son
14866,38,Xã Mường Chanh,muong-chanh
14869,38,Xã Hồi Xuân,hoi-xuan
14872,38,Xã Trung Thành,trung-thanh
14875,38,Xã Trung Sơn,trung-son
14878,38,Xã Phú Lệ,phu-le
14890,38,Xã Phú Xuân,phu-xuan
14896,38,Xã Hiền Kiệt,hien-kiet
14902,38,Xã Nam Xuân,nam-xuan
14908,38,Xã Thiên Phủ,thien-phu
14923,38,Xã Bá Thước,ba-thuoc
14932,38,Xã Điền Quang,dien-quang
14950,38,Xã Điền Lư,dien-lu
14953,38,Xã Quý Lương,quy-luong
14956,38,Xã Pù Luông,pu-luong
14959,38,Xã Cổ Lũng,co-lung
14974,38,Xã Văn Nho,van-nho
14980,38,Xã Thiết Ống,thiet-ong
15001,38,Xã Trung Hạ,trung-ha
15007,38,Xã Tam Thanh,tam-thanh
15010,38,Xã Sơn Thuỷ,son-thuy
15013,38,Xã Na Mèo,na-meo
15016,38,Xã Quan Sơn,quan-son
15019,38,Xã Tam Lư,tam-lu
15022,38,Xã Sơn Điện,son-dien
15025,38,Xã Mường Mìn,muong-min
15031,38,Xã Yên Khương,yen-khuong
15034,38,Xã Yên Thắng,yen-thang
15043,38,Xã Giao An,giao-an
15049,38,Xã Văn Phú,van-phu
15055,38,Xã Linh Sơn,linh-son
15058,38,Xã Đồng Lương,dong-luong
15061,38,Xã Ngọc Lặc,ngoc-lac
15085,38,Xã Thạch Lập,thach-lap
15091,38,Xã Ngọc Liên,ngoc-lien
15106,38,Xã Nguyệt Ấn,nguyet-an
15112,38,Xã Kiên Thọ,kien-tho
15124,38,Xã Minh Sơn,minh-son
15127,38,Xã Cẩm Thuỷ,cam-thuy
15142,38,Xã Cẩm Thạch,cam-thach
15148,38,Xã Cẩm Tú,cam-tu
15163,38,Xã Cẩm Vân,cam-van
15178,38,Xã Cẩm Tân,cam-tan
15187,38,Xã Kim Tân,kim-tan
15190,38,Xã Vân Du,van-du
15199,38,Xã Thạch Quảng,thach-quang
15211,38,Xã Thạch Bình,thach-binh
15229,38,Xã Thành Vinh,thanh-vinh
15250,38,Xã Ngọc Trạo,ngoc-trao
15271,38,Xã Hà Trung,ha-trung
15274,38,Xã Hà Long,ha-long
15286,38,Xã Hoạt Giang,hoat-giang
15298,38,Xã Lĩnh Toại,linh-toai
15316,38,Xã Tống Sơn,tong-son
15349,38,Xã Vĩnh Lộc,vinh-loc
15361,38,Xã Tây Đô,tay-do
15382,38,Xã Biện Thượng,bien-thuong
15409,38,Xã Yên Phú,yen-phu
15412,38,Xã Quý Lộc,quy-loc
15421,38,Xã Yên Trường,yen-truong
15442,38,Xã Yên Ninh,yen-ninh
15448,38,Xã Định Hoà,dinh-hoa
15457,38,Xã Định Tân,dinh-tan
15469,38,Xã Yên Định,yen-dinh
15499,38,Xã Thọ Xuân,tho-xuan
15505,38,Xã Thọ Long,tho-long
15520,38,Xã Xuân Hoà,xuan-hoa
15544,38,Xã Lam Sơn,lam-son
15553,38,Xã Sao Vàng,sao-vang
15568,38,Xã Thọ Lập,tho-lap
15574,38,Xã Xuân Tín,xuan-tin
15592,38,Xã Xuân Lập,xuan-lap
15607,38,Xã Bát Mọt,bat-mot
15610,38,Xã Yên Nhân,yen-nhan
15622,38,Xã Vạn Xuân,van-xuan
15628,38,Xã Lương Sơn,luong-son
15634,38,Xã Luận Thành,luan-thanh
15643,38,Xã Thắng Lộc,thang-loc
15646,38,Xã Thường Xuân,thuong-xuan
15658,38,Xã Xuân Chinh,xuan-chinh
15661,38,Xã Tân Thành,tan-thanh
15664,38,Xã Triệu Sơn,trieu-son
15667,38,Xã Thọ Bình,tho-binh
15682,38,Xã Hợp Tiến,hop-tien
15715,38,Xã Tân Ninh,tan-ninh
15724,38,Xã Đồng Tiến,dong-tien-15724
15754,38,Xã Thọ Ngọc,tho-ngoc
15763,38,Xã Thọ Phú,tho-phu
15766,38,Xã An Nông,an-nong
15772,38,Xã Thiệu Hoá,thieu-hoa
15778,38,Xã Thiệu Tiến,thieu-tien
15796,38,Xã Thiệu Quang,thieu-quang
15820,38,Xã Thiệu Toán,thieu-toan
15835,38,Xã Thiệu Trung,thieu-trung
15853,38,Phường Đông Tiến,dong-tien-15853
15865,38,Xã Hoằng Hoá,hoang-hoa
15880,38,Xã Hoằng Giang,hoang-giang
15889,38,Xã Hoằng Phú,hoang-phu
15910,38,Xã Hoằng Sơn,hoang-son
15925,38,Phường Nguyệt Viên,nguyet-vien
15961,38,Xã Hoằng Lộc,hoang-loc
15976,38,Xã Hoằng Châu,hoang-chau
15991,38,Xã Hoằng Tiến,hoang-tien
16000,38,Xã Hoằng Thanh,hoang-thanh
16012,38,Xã Hậu Lộc,hau-loc
16021,38,Xã Triệu Lộc,trieu-loc
16033,38,Xã Đông Thành,dong-thanh
16072,38,Xã Hoa Lộc,hoa-loc
16078,38,Xã Vạn Lộc,van-loc
16093,38,Xã Nga Sơn,nga-son
16108,38,Xã Tân Tiến,tan-tien
16114,38,Xã Nga Thắng,nga-thang
16138,38,Xã Hồ Vương,ho-vuong
16144,38,Xã Nga An,nga-an
16171,38,Xã Ba Đình,ba-dinh
16174,38,Xã Như Xuân,nhu-xuan
16177,38,Xã Xuân Bình,xuan-binh
16186,38,Xã Hoá Quỳ,hoa-quy
16213,38,Xã Thanh Phong,thanh-phong
16222,38,Xã Thanh Quân,thanh-quan
16225,38,Xã Thượng Ninh,thuong-ninh
16228,38,Xã Như Thanh,nhu-thanh
16234,38,Xã Xuân Du,xuan-du
16249,38,Xã Mậu Lâm,mau-lam
16258,38,Xã Xuân Thái,xuan-thai
16264,38,Xã Yên Thọ,yen-tho
16273,38,Xã Thanh Kỳ,thanh-ky
16279,38,Xã Nông Cống,nong-cong
16297,38,Xã Trung Chính,trung-chinh
16309,38,Xã Thắng Lợi,thang-loi
16342,38,Xã Thăng Bình,thang-binh
16348,38,Xã Trường Văn,truong-van
16363,38,Xã Tượng Lĩnh,tuong-linh
16369,38,Xã Công Chính,cong-chinh
16378,38,Phường Đông Sơn,dong-son
16417,38,Phường Đông Quang,dong-quang
16438,38,Xã Lưu Vệ,luu-ve
16480,38,Xã Quảng Yên,quang-yen
16489,38,Xã Quảng Chính,quang-chinh
16498,38,Xã Quảng Ngọc,quang-ngoc
16516,38,Phường Nam Sầm Sơn,nam-sam-son
16522,38,Phường Quảng Phú,quang-phu
16531,38,Phường Sầm Sơn,sam-son
16540,38,Xã Quảng Ninh,quang-ninh
16543,38,Xã Quảng Bình,quang-binh
16549,38,Xã Tiên Trang,tien-trang
16561,38,Phường Tĩnh Gia,tinh-gia
16576,38,Phường Ngọc Sơn,ngoc-son
16591,38,Xã Các Sơn,cac-son
16594,38,Phường Tân Dân,tan-dan
16597,38,Phường Hải Lĩnh,hai-linh
16609,38,Phường Đào Duy Từ,dao-duy-tu
16624,38,Phường Trúc Lâm,truc-lam
16636,38,Xã Trường Lâm,truong-lam
16645,38,Phường Hải Bình,hai-binh
16654,38,Phường Nghi Sơn,nghi-son
16681,40,Phường Thành Vinh,thanh-vinh
16690,40,Phường Trường Vinh,truong-vinh
16702,40,Phường Vinh Phú,vinh-phu
16708,40,Phường Vinh Lộc,vinh-loc
16732,40,Phường Cửa Lò,cua-lo
16738,40,Xã Quế Phong,que-phong
16744,40,Xã Thông Thụ,thong-thu
16750,40,Xã Tiền Phong,tien-phong
16756,40,Xã Tri Lễ,tri-le
16774,40,Xã Mường Quàng,muong-quang
16777,40,Xã Quỳ Châu,quy-chau
16792,40,Xã Châu Tiến,chau-tien
16801,40,Xã Hùng Chân,hung-chan
16804,40,Xã Châu Bình,chau-binh
16813,40,Xã Mường Xén,muong-xen
16816,40,Xã Mỹ Lý,my-ly
16819,40,Xã Bắc Lý,bac-ly
16822,40,Xã Keng Đu,keng-du
16828,40,Xã Huồi Tụ,huoi-tu
16831,40,Xã Mường Lống,muong-long
16834,40,Xã Na Loi,na-loi
16837,40,Xã Nậm Cắn,nam-can
16849,40,Xã Hữu Kiệm,huu-kiem
16855,40,Xã Chiêu Lưu,chieu-luu
16858,40,Xã Mường Típ,muong-tip
16870,40,Xã Na Ngoi,na-ngoi
16876,40,Xã Tương Dương,tuong-duong
16882,40,Xã Nhôn Mai,nhon-mai
16885,40,Xã Hữu Khuông,huu-khuong
16903,40,Xã Nga My,nga-my
16906,40,Xã Lượng Minh,luong-minh
16909,40,Xã Yên Hoà,yen-hoa
16912,40,Xã Yên Na,yen-na
16933,40,Xã Tam Quang,tam-quang
16936,40,Xã Tam Thái,tam-thai
16939,40,Phường Thái Hoà,thai-hoa
16941,40,Xã Nghĩa Đàn,nghia-dan
16951,40,Xã Nghĩa Lâm,nghia-lam
16969,40,Xã Nghĩa Thọ,nghia-tho
16972,40,Xã Nghĩa Hưng,nghia-hung
16975,40,Xã Nghĩa Mai,nghia-mai
17011,40,Phường Tây Hiếu,tay-hieu
17017,40,Xã Đông Hiếu,dong-hieu
17029,40,Xã Nghĩa Lộc,nghia-loc
17032,40,Xã Nghĩa Khánh,nghia-khanh
17035,40,Xã Quỳ Hợp,quy-hop
17044,40,Xã Châu Hồng,chau-hong
17056,40,Xã Châu Lộc,chau-loc
17059,40,Xã Tam Hợp,tam-hop
17071,40,Xã Minh Hợp,minh-hop
17077,40,Xã Mường Ham,muong-ham
17089,40,Xã Mường Chọng,muong-chong
17110,40,Phường Hoàng Mai,hoang-mai
17125,40,Phường Quỳnh Mai,quynh-mai
17128,40,Phường Tân Mai,tan-mai
17143,40,Xã Quỳnh Văn,quynh-van
17149,40,Xã Quỳnh Tam,quynh-tam
17170,40,Xã Quỳnh Sơn,quynh-son
17176,40,Xã Quỳnh Anh,quynh-anh
17179,40,Xã Quỳnh Lưu,quynh-luu
17212,40,Xã Quỳnh Phú,quynh-phu
17224,40,Xã Quỳnh Thắng,quynh-thang
17230,40,Xã Bình Chuẩn,binh-chuan
17239,40,Xã Mậu Thạch,mau-thach
17242,40,Xã Cam Phục,cam-phuc
17248,40,Xã Châu Khê,chau-khe
17254,40,Xã Con Cuông,con-cuong
17263,40,Xã Môn Sơn,mon-son
17266,40,Xã Tân Kỳ,tan-ky
17272,40,Xã Tân Phú,tan-phu
17278,40,Xã Giai Xuân,giai-xuan
17284,40,Xã Nghĩa Đồng,nghia-dong
17287,40,Xã Tiên Đồng,tien-dong
17305,40,Xã Tân An,tan-an
17326,40,Xã Nghĩa Hành,nghia-hanh
17329,40,Xã Anh Sơn,anh-son
17335,40,Xã Thành Bình Thọ,thanh-binh-tho
17344,40,Xã Nhân Hoà,nhan-hoa
17357,40,Xã Vĩnh Tường,vinh-tuong
17365,40,Xã Anh Sơn Đông,anh-son-dong
17380,40,Xã Yên Xuân,yen-xuan
17395,40,Xã Hùng Châu,hung-chau
17416,40,Xã Đức Châu,duc-chau
17419,40,Xã Hải Châu,hai-chau
17443,40,Xã Quảng Châu,quang-chau
17464,40,Xã Diễn Châu,dien-chau
17476,40,Xã Minh Châu,minh-chau
17479,40,Xã An Châu,an-chau
17488,40,Xã Tân Châu,tan-chau
17506,40,Xã Yên Thành,yen-thanh
17515,40,Xã Bình Minh,binh-minh
17521,40,Xã Quang Đồng,quang-dong
17524,40,Xã Giai Lạc,giai-lac
17530,40,Xã Đông Thành,dong-thanh
17560,40,Xã Vân Du,van-du
17569,40,Xã Quan Thành,quan-thanh
17605,40,Xã Hợp Minh,hop-minh
17611,40,Xã Vân Tụ,van-tu
17623,40,Xã Bạch Ngọc,bach-ngoc
17641,40,Xã Lương Sơn,luong-son
17662,40,Xã Đô Lương,do-luong
17677,40,Xã Văn Hiến,van-hien
17689,40,Xã Thuần Trung,thuan-trung
17707,40,Xã Bạch Hà,bach-ha
17713,40,Xã Đại Đồng,dai-dong
17722,40,Xã Hạnh Lâm,hanh-lam
17728,40,Xã Cát Ngạn,cat-ngan
17743,40,Xã Tam Đồng,tam-dong
17759,40,Xã Sơn Lâm,son-lam
17770,40,Xã Hoa Quân,hoa-quan
17779,40,Xã Xuân Lâm,xuan-lam
17791,40,Xã Kim Bảng,kim-bang
17818,40,Xã Bích Hào,bich-hao
17827,40,Xã Nghi Lộc,nghi-loc
17833,40,Xã Hải Lộc,hai-loc
17842,40,Xã Thần Lĩnh,than-linh
17854,40,Xã Văn Kiều,van-kieu
17857,40,Xã Phúc Lộc,phuc-loc
17866,40,Xã Trung Lộc,trung-loc
17878,40,Xã Đông Lộc,dong-loc
17920,40,Phường Vinh Hưng,vinh-hung
17935,40,Xã Nam Đàn,nam-dan
17944,40,Xã Đại Huệ,dai-hue
17950,40,Xã Vạn An,van-an
17971,40,Xã Kim Liên,kim-lien
17989,40,Xã Thiên Nhẫn,thien-nhan
18001,40,Xã Hưng Nguyên,hung-nguyen
18007,40,Xã Yên Trung,yen-trung
18028,40,Xã Hưng Nguyên Nam,hung-nguyen-nam
18040,40,Xã Lam Thành,lam-thanh
18073,42,Phường Thành Sen,thanh-sen
18100,42,Phường Trần Phú,tran-phu
18115,42,Phường Bắc Hồng Lĩnh,bac-hong-linh
18118,42,Phường Nam Hồng Lĩnh,nam-hong-linh
18133,42,Xã Hương Sơn,huong-son
18160,42,Xã Sơn Hồng,son-hong
18163,42,Xã Sơn Tiến,son-tien
18172,42,Xã Sơn Tây,son-tay
18184,42,Xã Sơn Giang,son-giang
18196,42,Xã Sơn Kim 1,son-kim-1
18199,42,Xã Sơn Kim 2,son-kim-2
18202,42,Xã Tứ Mỹ,tu-my
18223,42,Xã Kim Hoa,kim-hoa
18229,42,Xã Đức Thọ,duc-tho
18244,42,Xã Đức Minh,duc-minh
18262,42,Xã Đức Quang,duc-quang
18277,42,Xã Đức Thịnh,duc-thinh
18304,42,Xã Đức Đồng,duc-dong
18313,42,Xã Vũ Quang,vu-quang
18322,42,Xã Mai Hoa,mai-hoa
18328,42,Xã Thượng Đức,thuong-duc
18352,42,Xã Nghi Xuân,nghi-xuan
18364,42,Xã Đan Hải,dan-hai
18373,42,Xã Tiên Điền,tien-dien
18394,42,Xã Cổ Đạm,co-dam
18406,42,Xã Can Lộc,can-loc
18409,42,Xã Hồng Lộc,hong-loc
18418,42,Xã Tùng Lộc,tung-loc
18436,42,Xã Trường Lưu,truong-luu
18466,42,Xã Gia Hanh,gia-hanh
18481,42,Xã Xuân Lộc,xuan-loc
18484,42,Xã Đồng Lộc,dong-loc
18496,42,Xã Hương Khê,huong-khe
18502,42,Xã Hà Linh,ha-linh
18523,42,Xã Hương Bình,huong-binh
18532,42,Xã Hương Phố,huong-pho
18544,42,Xã Hương Xuân,huong-xuan
18547,42,Xã Phúc Trạch,phuc-trach
18550,42,Xã Hương Đô,huong-do
18562,42,Xã Thạch Hà,thach-ha
18568,42,Xã Lộc Hà,loc-ha
18583,42,Xã Mai Phụ,mai-phu
18586,42,Xã Đông Kinh,dong-kinh
18601,42,Xã Việt Xuyên,viet-xuyen
18604,42,Xã Thạch Khê,thach-khe
18619,42,Xã Đồng Tiến,dong-tien
18628,42,Xã Thạch Lạc,thach-lac
18634,42,Xã Toàn Lưu,toan-luu
18652,42,Phường Hà Huy Tập,ha-huy-tap
18667,42,Xã Thạch Xuân,thach-xuan
18673,42,Xã Cẩm Xuyên,cam-xuyen
18676,42,Xã Thiên Cầm,thien-cam
18682,42,Xã Yên Hoà,yen-hoa
18685,42,Xã Cẩm Bình,cam-binh
18736,42,Xã Cẩm Hưng,cam-hung
18739,42,Xã Cẩm Duệ,cam-due
18742,42,Xã Cẩm Trung,cam-trung
18748,42,Xã Cẩm Lạc,cam-lac
18754,42,Phường Sông Trí,song-tri
18766,42,Xã Kỳ Xuân,ky-xuan
18775,42,Xã Kỳ Anh,ky-anh
18781,42,Phường Hải Ninh,hai-ninh
18787,42,Xã Kỳ Văn,ky-van
18790,42,Xã Kỳ Khang,ky-khang
18814,42,Xã Kỳ Hoa,ky-hoa
18823,42,Phường Vũng Áng,vung-ang
18832,42,Phường Hoành Sơn,hoanh-son
18838,42,Xã Kỳ Lạc,ky-lac
18844,42,Xã Kỳ Thượng,ky-thuong
18859,44,Phường Đồng Thuận,dong-thuan
18871,44,Phường Đồng Sơn,dong-son
18880,44,Phường Đồng Hới,dong-hoi
18901,44,Xã Minh Hoá,minh-hoa
18904,44,Xã Dân Hoá,dan-hoa
18919,44,Xã Tân Thành,tan-thanh
18922,44,Xã Kim Điền,kim-dien
18943,44,Xã Kim Phú,kim-phu
18949,44,Xã Đồng Lê,dong-le
18952,44,Xã Tuyên Sơn,tuyen-son
18958,44,Xã Tuyên Lâm,tuyen-lam
18985,44,Xã Tuyên Phú,tuyen-phu
18991,44,Xã Tuyên Bình,tuyen-binh
18997,44,Xã Tuyên Hoá,tuyen-hoa
19009,44,Phường Ba Đồn,ba-don
19021,44,Xã Phú Trạch,phu-trach
19030,44,Xã Trung Thuần,trung-thuan
19033,44,Xã Hoà Trạch,hoa-trach
19051,44,Xã Tân Gianh,tan-gianh
19057,44,Xã Quảng Trạch,quang-trach
19066,44,Phường Bắc Gianh,bac-gianh
19075,44,Xã Nam Ba Đồn,nam-ba-don
19093,44,Xã Nam Gianh,nam-gianh
19111,44,Xã Hoàn Lão,hoan-lao
19126,44,Xã Bắc Trạch,bac-trach
19138,44,Xã Phong Nha,phong-nha
19141,44,Xã Bố Trạch,bo-trach
19147,44,Xã Thượng Trạch,thuong-trach
19159,44,Xã Đông Trạch,dong-trach
19198,44,Xã Nam Trạch,nam-trach
19204,44,Xã Trường Sơn,truong-son
19207,44,Xã Quảng Ninh,quang-ninh
19225,44,Xã Ninh Châu,ninh-chau
19237,44,Xã Trường Ninh,truong-ninh
19246,44,Xã Lệ Ninh,le-ninh
19249,44,Xã Lệ Thuỷ,le-thuy
19255,44,Xã Cam Hồng,cam-hong
19288,44,Xã Sen Ngư,sen-ngu
19291,44,Xã Tân Mỹ,tan-my
19309,44,Xã Trường Phú,truong-phu
19318,44,Xã Kim Ngân,kim-ngan
19333,44,Phường Đông Hà,dong-ha
19351,44,Phường Nam Đông Hà,nam-dong-ha
19360,44,Phường Quảng Trị,quang-tri
19363,44,Xã Vĩnh Linh,vinh-linh
19366,44,Xã Bến Quan,ben-quan
19372,44,Xã Vĩnh Hoàng,vinh-hoang
19405,44,Xã Vĩnh Thuỷ,vinh-thuy
19414,44,Xã Cửa Tùng,cua-tung
19429,44,Xã Khe Sanh,khe-sanh
19432,44,Xã Lao Bảo,lao-bao
19435,44,Xã Hướng Lập,huong-lap
19441,44,Xã Hướng Phùng,huong-phung
19462,44,Xã Tân Lập,tan-lap
19483,44,Xã A Dơi,a-doi
19489,44,Xã Lìa,lia
19495,44,Xã Gio Linh,gio-linh
19496,44,Xã Cửa Việt,cua-viet
19501,44,Xã Bến Hải,ben-hai
19537,44,Xã Cồn Tiên,con-tien
19555,44,Xã Hướng Hiệp,huong-hiep
19564,44,Xã Đakrông,dakrong
19567,44,Xã Ba Lòng,ba-long
19588,44,Xã Tà Rụt,ta-rut
19594,44,Xã La Lay,la-lay
19597,44,Xã Cam Lộ,cam-lo
19603,44,Xã Hiếu Giang,hieu-giang
19624,44,Xã Triệu Phong,trieu-phong
19639,44,Xã Nam Cửa Việt,nam-cua-viet
19645,44,Xã Triệu Bình,trieu-binh
19654,44,Xã Triệu Cơ,trieu-co
19669,44,Xã Ái Tử,ai-tu
19681,44,Xã Diên Sanh,dien-sanh
19699,44,Xã Vĩnh Định,vinh-dinh
19702,44,Xã Hải Lăng,hai-lang
19735,44,Xã Nam Hải Lăng,nam-hai-lang
19741,44,Xã Mỹ Thuỷ,my-thuy
19742,44,Đặc khu Cồn Cỏ,con-co
19753,46,Phường Phú Xuân,phu-xuan
19774,46,Phường Kim Long,kim-long
19777,46,Phường Vỹ Dạ,vy-da
19789,46,Phường Thuận Hoá,thuan-hoa
19804,46,Phường Hương An,huong-an
19813,46,Phường Thuỷ Xuân,thuy-xuan
19815,46,Phường An Cựu,an-cuu
19819,46,Phường Phong Điền,phong-dien
19828,46,Phường Phong Phú,phong-phu
19831,46,Phường Phong Dinh,phong-dinh
19858,46,Phường Phong Thái,phong-thai
19867,46,Xã Quảng Điền,quang-dien
19873,46,Phường Phong Quảng,phong-quang
19885,46,Xã Đan Điền,dan-dien
19900,46,Phường Thuận An,thuan-an
19909,46,Phường Dương Nỗ,duong-no
19918,46,Xã Phú Hồ,phu-ho
19930,46,Phường Mỹ Thượng,my-thuong
19942,46,Xã Phú Vang,phu-vang
19945,46,Xã Phú Vinh,phu-vinh
19960,46,Phường Phú Bài,phu-bai
19969,46,Phường Thanh Thuỷ,thanh-thuy
19975,46,Phường Hương Thuỷ,huong-thuy
19996,46,Phường Hương Trà,huong-tra
20014,46,Phường Hoá Châu,hoa-chau
20017,46,Phường Kim Trà,kim-tra
20035,46,Xã Bình Điền,binh-dien
20044,46,Xã A Lưới 2,a-luoi-2
20050,46,Xã A Lưới 5,a-luoi-5
20056,46,Xã A Lưới 1,a-luoi-1
20071,46,Xã A Lưới 3,a-luoi-3
20101,46,Xã A Lưới 4,a-luoi-4
20107,46,Xã Phú Lộc,phu-loc
20122,46,Xã Vinh Lộc,vinh-loc
20131,46,Xã Hưng Lộc,hung-loc
20137,46,Xã Chân Mây - Lăng Cô,chan-may-lang-co
20140,46,Xã Lộc An,loc-an
20161,46,Xã Khe Tre,khe-tre
20179,46,Xã Nam Đông,nam-dong
20182,46,Xã Long Quảng,long-quang
20194,48,Phường Hải Vân,hai-van
20197,48,Phường Liên Chiểu,lien-chieu
20200,48,Phường Hoà Khánh,hoa-khanh
20209,48,Phường Thanh Khê,thanh-khe
20242,48,Phường Hải Châu,hai-chau
20257,48,Phường Hoà Cường,hoa-cuong
20260,48,Phường Cẩm Lệ,cam-le
20263,48,Phường Sơn Trà,son-tra
20275,48,Phường An Hải,an-hai
20285,48,Phường Ngũ Hành Sơn,ngu-hanh-son
20305,48,Phường An Khê,an-khe
20308,48,Xã Bà Nà,ba-na
20314,48,Phường Hoà Xuân,hoa-xuan
20320,48,Xã Hoà Vang,hoa-vang
20332,48,Xã Hoà Tiến,hoa-tien
20333,48,Đặc khu Hoàng Sa,hoang-sa
20335,48,Phường Bàn Thạch,ban-thach
20341,48,Phường Tam Kỳ,tam-ky
20350,48,Phường Hương Trà,huong-tra
20356,48,Phường Quảng Phú,quang-phu
20364,48,Xã Chiên Đàn,chien-dan
20380,48,Xã Tây Hồ,tay-ho
20392,48,Xã Phú Ninh,phu-ninh
20401,48,Phường Hội An Tây,hoi-an-tay
20410,48,Phường Hội An,hoi-an
20413,48,Phường Hội An Đông,hoi-an-dong
20434,48,Xã Tân Hiệp,tan-hiep
20443,48,Xã Hùng Sơn,hung-son
20455,48,Xã Tây Giang,tay-giang
20458,48,Xã Avương,avuong
20467,48,Xã Đông Giang,dong-giang
20476,48,Xã Sông Kôn,song-kon
20485,48,Xã Sông Vàng,song-vang
20494,48,Xã Bến Hiên,ben-hien
20500,48,Xã Đại Lộc,dai-loc
20506,48,Xã Thượng Đức,thuong-duc
20515,48,Xã Hà Nha,ha-nha
20539,48,Xã Vu Gia,vu-gia
20542,48,Xã Phú Thuận,phu-thuan
20551,48,Phường Điện Bàn,dien-ban
20557,48,Phường Điện Bàn Bắc,dien-ban-bac
20569,48,Xã Điện Bàn Tây,dien-ban-tay
20575,48,Phường An Thắng,an-thang
20579,48,Phường Điện Bàn Đông,dien-ban-dong
20587,48,Xã Gò Nổi,go-noi
20599,48,Xã Nam Phước,nam-phuoc
20611,48,Xã Thu Bồn,thu-bon
20623,48,Xã Duy Xuyên,duy-xuyen
20635,48,Xã Duy Nghĩa,duy-nghia
20641,48,Xã Quế Sơn,que-son
20650,48,Xã Xuân Phú,xuan-phu
20656,48,Xã Nông Sơn,nong-son
20662,48,Xã Quế Sơn Trung,que-son-trung
20669,48,Xã Quế Phước,que-phuoc
20695,48,Xã Thạnh Mỹ,thanh-my
20698,48,Xã La Êê,la-ee
20704,48,Xã La Dêê,la-dee
20707,48,Xã Nam Giang,nam-giang
20710,48,Xã Bến Giằng,ben-giang
20716,48,Xã Đắc Pring,dac-pring
20722,48,Xã Khâm Đức,kham-duc
20728,48,Xã Phước Hiệp,phuoc-hiep
20734,48,Xã Phước Năng,phuoc-nang
20740,48,Xã Phước Chánh,phuoc-chanh
20752,48,Xã Phước Thành,phuoc-thanh
20767,48,Xã Việt An,viet-an
20770,48,Xã Phước Trà,phuoc-tra
20779,48,Xã Hiệp Đức,hiep-duc
20791,48,Xã Thăng Bình,thang-binh
20794,48,Xã Thăng An,thang-an
20818,48,Xã Đồng Dương,dong-duong
20827,48,Xã Thăng Phú,thang-phu
20836,48,Xã Thăng Trường,thang-truong
20848,48,Xã Thăng Điền,thang-dien
20854,48,Xã Tiên Phước,tien-phuoc
20857,48,Xã Sơn Cẩm Hà,son-cam-ha
20875,48,Xã Lãnh Ngọc,lanh-ngoc
20878,48,Xã Thạnh Bình,thanh-binh
20900,48,Xã Trà My,tra-my
20908,48,Xã Trà Liên,tra-lien
20920,48,Xã Trà Đốc,tra-doc
20923,48,Xã Trà Tân,tra-tan
20929,48,Xã Trà Giáp,tra-giap
20938,48,Xã Trà Leng,tra-leng
20941,48,Xã Trà Tập,tra-tap
20944,48,Xã Nam Trà My,nam-tra-my
20950,48,Xã Trà Linh,tra-linh
20959,48,Xã Trà Vân,tra-van
20965,48,Xã Núi Thành,nui-thanh
20971,48,Xã Tam Xuân,tam-xuan
20977,48,Xã Đức Phú,duc-phu
20984,48,Xã Tam Anh,tam-anh
20992,48,Xã Tam Hải,tam-hai
21004,48,Xã Tam Mỹ,tam-my
21025,51,Phường Cẩm Thành,cam-thanh
21028,51,Phường Nghĩa Lộ,nghia-lo
21034,51,Xã An Phú,an-phu
21040,51,Xã Bình Sơn,binh-son
21061,51,Xã Vạn Tường,van-tuong
21085,51,Xã Bình Minh,binh-minh
21100,51,Xã Bình Chương,binh-chuong
21109,51,Xã Đông Sơn,dong-son
21115,51,Xã Trà Bồng,tra-bong
21124,51,Xã Thanh Bồng,thanh-bong
21127,51,Xã Đông Trà Bồng,dong-tra-bong
21136,51,Xã Cà Đam,ca-dam
21154,51,Xã Tây Trà,tay-tra
21157,51,Xã Tây Trà Bồng,tay-tra-bong
21172,51,Phường Trương Quang Trọng,truong-quang-trong
21181,51,Xã Thọ Phong,tho-phong
21196,51,Xã Trường Giang,truong-giang
21205,51,Xã Ba Gia,ba-gia
21211,51,Xã Tịnh Khê,tinh-khe
21220,51,Xã Sơn Tịnh,son-tinh
21235,51,Xã Tư Nghĩa,tu-nghia
21238,51,Xã Vệ Giang,ve-giang
21244,51,Xã Trà Giang,tra-giang
21250,51,Xã Nghĩa Giang,nghia-giang
21289,51,Xã Sơn Hà,son-ha-21289
21292,51,Xã Sơn Hạ,son-ha-21292
21307,51,Xã Sơn Linh,son-linh
21319,51,Xã Sơn Thuỷ,son-thuy
21325,51,Xã Sơn Kỳ,son-ky
21334,51,Xã Sơn Tây Thượng,son-tay-thuong
21340,51,Xã Sơn Tây,son-tay
21343,51,Xã Sơn Tây Hạ,son-tay-ha
21349,51,Xã Sơn Mai,son-mai
21361,51,Xã Minh Long,minh-long
21364,51,Xã Nghĩa Hành,nghia-hanh
21370,51,Xã Phước Giang,phuoc-giang
21385,51,Xã Đình Cương,dinh-cuong
21388,51,Xã Thiện Tín,thien-tin
21400,51,Xã Mộ Đức,mo-duc
21409,51,Xã Long Phụng,long-phung
21421,51,Xã Mỏ Cày,mo-cay
21433,51,Xã Lân Phong,lan-phong
21439,51,Phường Đức Phổ,duc-pho
21451,51,Phường Trà Câu,tra-cau
21457,51,Xã Nguyễn Nghiêm,nguyen-nghiem
21472,51,Xã Khánh Cường,khanh-cuong
21478,51,Phường Sa Huỳnh,sa-huynh
21484,51,Xã Ba Tơ,ba-to-21484
21490,51,Xã Ba Vinh,ba-vinh
21496,51,Xã Ba Động,ba-dong
21499,51,Xã Ba Dinh,ba-dinh
21520,51,Xã Đặng Thuỳ Trâm,dang-thuy-tram
21523,51,Xã Ba Tô,ba-to-21523
21529,51,Xã Ba Vì,ba-vi
21538,51,Xã Ba Xa,ba-xa
21548,51,Đặc khu Lý Sơn,ly-son
21553,52,Phường Quy Nhơn Bắc,quy-nhon-bac
21583,52,Phường Quy Nhơn,quy-nhon
21589,52,Phường Quy Nhơn Tây,quy-nhon-tay
21592,52,Phường Quy Nhơn Nam,quy-nhon-nam
21601,52,Phường Quy Nhơn Đông,quy-nhon-dong
21607,52,Xã Nhơn Châu,nhon-chau
21609,52,Xã An Lão,an-lao
21616,52,Xã An Vinh,an-vinh
21622,52,Xã An Toàn,an-toan
21628,52,Xã An Hoà,an-hoa
21637,52,Phường Tam Quan,tam-quan
21640,52,Phường Bồng Sơn,bong-son
21655,52,Phường Hoài Nhơn Bắc,hoai-nhon-bac
21661,52,Phường Hoài Nhơn Tây,hoai-nhon-tay
21664,52,Phường Hoài Nhơn,hoai-nhon
21670,52,Phường Hoài Nhơn Đông,hoai-nhon-dong
21673,52,Phường Hoài Nhơn Nam,hoai-nhon-nam
21688,52,Xã Hoài Ân,hoai-an
21697,52,Xã Ân Hảo,an-hao
21703,52,Xã Vạn Đức,van-duc
21715,52,Xã Ân Tường,an-tuong
21727,52,Xã Kim Sơn,kim-son
21730,52,Xã Phù Mỹ,phu-my
21733,52,Xã Bình Dương,binh-duong
21739,52,Xã Phù Mỹ Bắc,phu-my-bac
21751,52,Xã Phù Mỹ Đông,phu-my-dong
21757,52,Xã Phù Mỹ Tây,phu-my-tay
21769,52,Xã An Lương,an-luong
21775,52,Xã Phù Mỹ Nam,phu-my-nam
21786,52,Xã Vĩnh Thạnh,vinh-thanh
21787,52,Xã Vĩnh Sơn,vinh-son
21796,52,Xã Vĩnh Thịnh,vinh-thinh
21805,52,Xã Vĩnh Quang,vinh-quang
21808,52,Xã Tây Sơn,tay-son
21817,52,Xã Bình Hiệp,binh-hiep
21820,52,Xã Bình Khê,binh-khe
21829,52,Xã Bình An,binh-an
21835,52,Xã Bình Phú,binh-phu
21853,52,Xã Phù Cát,phu-cat
21859,52,Xã Đề Gi,de-gi
21868,52,Xã Hội Sơn,hoi-son
21871,52,Xã Hoà Hội,hoa-hoi
21880,52,Xã Cát Tiến,cat-tien
21892,52,Xã Xuân An,xuan-an
21901,52,Xã Ngô Mây,ngo-may
21907,52,Phường Bình Định,binh-dinh
21910,52,Phường An Nhơn,an-nhon
21925,52,Phường An Nhơn Bắc,an-nhon-bac
21934,52,Phường An Nhơn Đông,an-nhon-dong
21940,52,Xã An Nhơn Tây,an-nhon-tay
21943,52,Phường An Nhơn Nam,an-nhon-nam
21952,52,Xã Tuy Phước,tuy-phuoc
21964,52,Xã Tuy Phước Bắc,tuy-phuoc-bac
21970,52,Xã Tuy Phước Đông,tuy-phuoc-dong
21985,52,Xã Tuy Phước Tây,tuy-phuoc-tay
21994,52,Xã Vân Canh,van-canh
21997,52,Xã Canh Liên,canh-lien
22006,52,Xã Canh Vinh,canh-vinh
22015,66,Phường Tuy Hoà,tuy-hoa
22045,66,Phường Bình Kiến,binh-kien
22051,66,Phường Sông Cầu,song-cau
22057,66,Xã Xuân Lộc,xuan-loc
22060,66,Xã Xuân Cảnh,xuan-canh
22075,66,Xã Xuân Thọ,xuan-tho
22076,66,Phường Xuân Đài,xuan-dai
22081,66,Xã Đồng Xuân,dong-xuan
22090,66,Xã Xuân Lãnh,xuan-lanh
22096,66,Xã Phú Mỡ,phu-mo
22111,66,Xã Xuân Phước,xuan-phuoc
22114,66,Xã Tuy An Bắc,tuy-an-bac
22120,66,Xã Tuy An Đông,tuy-an-dong
22132,66,Xã Tuy An Tây,tuy-an-tay
22147,66,Xã Ô Loan,o-loan
22153,66,Xã Tuy An Nam,tuy-an-nam
22165,66,Xã Sơn Hoà,son-hoa
22171,66,Xã Tây Sơn,tay-son
22177,66,Xã Vân Hoà,van-hoa
22192,66,Xã Suối Trai,suoi-trai
22207,66,Xã Sông Hinh,song-hinh
22222,66,Xã Đức Bình,duc-binh
22225,66,Xã Ea Bá,ea-ba
22237,66,Xã Ea Ly,ea-ly
22240,66,Phường Phú Yên,phu-yen
22250,66,Xã Sơn Thành,son-thanh
22255,66,Xã Tây Hoà,tay-hoa
22258,66,Phường Đông Hoà,dong-hoa
22261,66,Phường Hoà Hiệp,hoa-hiep
22276,66,Xã Hoà Thịnh,hoa-thinh
22285,66,Xã Hoà Mỹ,hoa-my
22291,66,Xã Hoà Xuân,hoa-xuan
22303,66,Xã Phú Hoà 2,phu-hoa-2
22319,66,Xã Phú Hoà 1,phu-hoa-1
22333,56,Phường Bắc Nha Trang,bac-nha-trang
22366,56,Phường Nha Trang,nha-trang
22390,56,Phường Tây Nha Trang,tay-nha-trang
22402,56,Phường Nam Nha Trang,nam-nha-trang
22411,56,Phường Bắc Cam Ranh,bac-cam-ranh
22420,56,Phường Cam Ranh,cam-ranh
22423,56,Phường Ba Ngòi,ba-ngoi
22432,56,Phường Cam Linh,cam-linh
22435,56,Xã Cam Hiệp,cam-hiep
22453,56,Xã Cam Lâm,cam-lam
22465,56,Xã Cam An,cam-an
22480,56,Xã Nam Cam Ranh,nam-cam-ranh
22489,56,Xã Vạn Ninh,van-ninh
22498,56,Xã Tu Bông,tu-bong
22504,56,Xã Đại Lãnh,dai-lanh
22516,56,Xã Vạn Thắng,van-thang
22525,56,Xã Vạn Hưng,van-hung
22528,56,Phường Ninh Hoà,ninh-hoa
22546,56,Xã Bắc Ninh Hoà,bac-ninh-hoa
22552,56,Xã Tây Ninh Hoà,tay-ninh-hoa
22558,56,Xã Hoà Trí,hoa-tri
22561,56,Phường Đông Ninh Hoà,dong-ninh-hoa
22576,56,Xã Tân Định,tan-dinh
22591,56,Phường Hoà Thắng,hoa-thang
22597,56,Xã Nam Ninh Hoà,nam-ninh-hoa
22609,56,Xã Khánh Vĩnh,khanh-vinh
22612,56,Xã Trung Khánh Vĩnh,trung-khanh-vinh
22615,56,Xã Bắc Khánh Vĩnh,bac-khanh-vinh
22624,56,Xã Tây Khánh Vĩnh,tay-khanh-vinh
22648,56,Xã Nam Khánh Vĩnh,nam-khanh-vinh
22651,56,Xã Diên Khánh,dien-khanh
22657,56,Xã Diên Điền,dien-dien
22660,56,Xã Diên Lâm,dien-lam
22672,56,Xã Diên Thọ,dien-tho
22678,56,Xã Diên Lạc,dien-lac
22702,56,Xã Suối Hiệp,suoi-hiep
22708,56,Xã Suối Dầu,suoi-dau
22714,56,Xã Khánh Sơn,khanh-son
22720,56,Xã Tây Khánh Sơn,tay-khanh-son
22732,56,Xã Đông Khánh Sơn,dong-khanh-son
22736,56,Đặc khu Trường Sa,truong-sa
22738,56,Phường Đô Vinh,do-vinh
22741,56,Phường Bảo An,bao-an
22759,56,Phường Phan Rang,phan-rang
22780,56,Phường Đông Hải,dong-hai
22786,56,Xã Bác Ái Tây,bac-ai-tay
22795,56,Xã Bác Ái,bac-ai
22801,56,Xã Bác Ái Đông,bac-ai-dong
22810,56,Xã Ninh Sơn,ninh-son
22813,56,Xã Lâm Sơn,lam-son
22822,56,Xã Mỹ Sơn,my-son
22828,56,Xã Anh Dũng,anh-dung
22834,56,Phường Ninh Chử,ninh-chu
22840,56,Xã Công Hải,cong-hai
22846,56,Xã Vĩnh Hải,vinh-hai
22849,56,Xã Thuận Bắc,thuan-bac
22852,56,Xã Ninh Hải,ninh-hai
22861,56,Xã Xuân Hải,xuan-hai
22870,56,Xã Ninh Phước,ninh-phuoc
22873,56,Xã Phước Hậu,phuoc-hau
22888,56,Xã Phước Dinh,phuoc-dinh
22891,56,Xã Phước Hữu,phuoc-huu
22897,56,Xã Thuận Nam,thuan-nam
22900,56,Xã Phước Hà,phuoc-ha
22909,56,Xã Cà Ná,ca-na
22918,68,Phường Mũi Né,mui-ne
22924,68,Phường Phú Thuỷ,phu-thuy
22933,68,Phường Hàm Thắng,ham-thang
22945,68,Phường Phan Thiết,phan-thiet
22954,68,Phường Tiến Thành,tien-thanh
22960,68,Phường Bình Thuận,binh-thuan
22963,68,Xã Tuyên Quang,tuyen-quang
22969,68,Xã Liên Hương,lien-huong
22972,68,Xã Phan Rí Cửa,phan-ri-cua
22978,68,Xã Tuy Phong,tuy-phong
22981,68,Xã Vĩnh Hảo,vinh-hao
23005,68,Xã Bắc Bình,bac-binh
23008,68,Xã Phan Sơn,phan-son
23020,68,Xã Hải Ninh,hai-ninh
23023,68,Xã Sông Luỹ,song-luy
23032,68,Xã Lương Sơn,luong-son
23041,68,Xã Hồng Thái,hong-thai
23053,68,Xã Hoà Thắng,hoa-thang
23059,68,Xã Hàm Thuận,ham-thuan
23065,68,Xã La Dạ,la-da
23074,68,Xã Đông Giang,dong-giang
23086,68,Xã Hồng Sơn,hong-son
23089,68,Xã Hàm Thuận Bắc,ham-thuan-bac
23095,68,Xã Hàm Liêm,ham-liem
23110,68,Xã Hàm Thuận Nam,ham-thuan-nam
23122,68,Xã Hàm Thạnh,ham-thanh
23128,68,Xã Hàm Kiệm,ham-kiem
23134,68,Xã Tân Lập,tan-lap
23143,68,Xã Tân Thành,tan-thanh
23149,68,Xã Tánh Linh,tanh-linh
23152,68,Xã Bắc Ruộng,bac-ruong
23158,68,Xã Nghị Đức,nghi-duc
23173,68,Xã Đồng Kho,dong-kho
23188,68,Xã Suối Kiết,suoi-kiet
23191,68,Xã Đức Linh,duc-linh
23194,68,Xã Hoài Đức,hoai-duc
23200,68,Xã Nam Thành,nam-thanh
23227,68,Xã Trà Tân,tra-tan
23230,68,Xã Tân Minh,tan-minh
23231,68,Phường Phước Hội,phuoc-hoi
23235,68,Phường La Gi,la-gi
23236,68,Xã Hàm Tân,ham-tan
23246,68,Xã Tân Hải,tan-hai
23266,68,Xã Sơn Mỹ,son-my
23272,68,Đặc khu Phú Quý,phu-quy
23284,51,Phường Đăk Cấm,dak-cam
23293,51,Phường Kon Tum,kon-tum
23302,51,Phường Đăk Bla,dak-bla
23317,51,Xã Ngọk Bay,ngok-bay
23326,51,Xã Ia Chim,ia-chim
23332,51,Xã Đăk Rơ Wa,dak-ro-wa
23341,51,Xã Đăk Pék,dak-pek
23344,51,Xã Đăk Plô,dak-plo
23356,51,Xã Xốp,xop
23365,51,Xã Ngọc Linh,ngoc-linh
23368,51,Xã Đăk Long,dak-long
23374,51,Xã Đăk Môn,dak-mon
23377,51,Xã Bờ Y,bo-y
23383,51,Xã Dục Nông,duc-nong
23392,51,Xã Sa Loong,sa-loong
23401,51,Xã Đăk Tô,dak-to
23416,51,Xã Đăk Sao,dak-sao
23419,51,Xã Đăk Tờ Kan,dak-to-kan
23425,51,Xã Tu Mơ Rông,tu-mo-rong
23428,51,Xã Ngọk Tụ,ngok-tu
23430,51,Xã Kon Đào,kon-dao
23446,51,Xã Măng Ri,mang-ri
23455,51,Xã Măng Bút,mang-but
23473,51,Xã Măng Đen,mang-den
23476,51,Xã Kon Plông,kon-plong
23479,51,Xã Đăk Rve,dak-rve
23485,51,Xã Đăk Kôi,dak-koi
23497,51,Xã Kon Braih,kon-braih
23500,51,Xã Đăk Hà,dak-ha
23504,51,Xã Đăk Pxi,dak-pxi
23510,51,Xã Đăk Ui,dak-ui
23512,51,Xã Đăk Mar,dak-mar
23515,51,Xã Ngọk Réo,ngok-reo
23527,51,Xã Sa Thầy,sa-thay
23530,51,Xã Rờ Kơi,ro-koi
23534,51,Xã Sa Bình,sa-binh
23535,51,Xã Ia Đal,ia-dal
23536,51,Xã Mô Rai,mo-rai
23538,51,Xã Ia Tơi,ia-toi
23548,51,Xã Ya Ly,ya-ly
23563,52,Phường Diên Hồng,dien-hong
23575,52,Phường Pleiku,pleiku
23584,52,Phường Thống Nhất,thong-nhat
23586,52,Phường Hội Phú,hoi-phu
23590,52,Xã Biển Hồ,bien-ho
23602,52,Phường An Phú,an-phu
23611,52,Xã Gào,gao
23614,52,Phường An Bình,an-binh
23617,52,Phường An Khê,an-khe
23629,52,Xã Cửu An,cuu-an
23638,52,Xã Kbang,kbang
23644,52,Xã Đak Rong,dak-rong
23647,52,Xã Sơn Lang,son-lang
23650,52,Xã Krong,krong
23668,52,Xã Tơ Tung,to-tung
23674,52,Xã Kông Bơ La,kong-bo-la
23677,52,Xã Đak Đoa,dak-doa
23683,52,Xã Đak Sơmei,dak-somei
23701,52,Xã Kon Gang,kon-gang
23710,52,Xã Ia Băng,ia-bang
23714,52,Xã KDang,kdang
23722,52,Xã Chư Păh,chu-pah
23728,52,Xã Ia Khươl,ia-khuol
23734,52,Xã Ia Ly,ia-ly
23749,52,Xã Ia Phí,ia-phi
23764,52,Xã Ia Grai,ia-grai
23767,52,Xã Ia Hrung,ia-hrung
23776,52,Xã Ia Krái,ia-krai
23782,52,Xã Ia O,ia-o
23788,52,Xã Ia Chia,ia-chia
23794,52,Xã Mang Yang,mang-yang
23798,52,Xã Ayun,ayun
23799,52,Xã Hra,hra
23812,52,Xã Lơ Pang,lo-pang
23818,52,Xã Kon Chiêng,kon-chieng
23824,52,Xã Kông Chro,kong-chro
23830,52,Xã Chư Krey,chu-krey
23833,52,Xã Ya Ma,ya-ma
23839,52,Xã SRó,sro
23842,52,Xã Đăk Song,dak-song
23851,52,Xã Chơ Long,cho-long
23857,52,Xã Đức Cơ,duc-co
23866,52,Xã Ia Krêl,ia-krel
23869,52,Xã Ia Dơk,ia-dok
23872,52,Xã Ia Dom,ia-dom
23881,52,Xã Ia Pnôn,ia-pnon
23884,52,Xã Ia Nan,ia-nan
23887,52,Xã Chư Prông,chu-prong
23896,52,Xã Bàu Cạn,bau-can
23908,52,Xã Ia Tôr,ia-tor
23911,52,Xã Ia Boòng,ia-boong
23917,52,Xã Ia Púch,ia-puch
23926,52,Xã Ia Pia,ia-pia
23935,52,Xã Ia Lâu,ia-lau
23938,52,Xã Ia Mơ,ia-mo
23941,52,Xã Chư Sê,chu-se
23942,52,Xã Chư Pưh,chu-puh
23947,52,Xã Bờ Ngoong,bo-ngoong
23954,52,Xã Al Bá,al-ba
23971,52,Xã Ia Hrú,ia-hru
23977,52,Xã Ia Ko,ia-ko
23986,52,Xã Ia Le,ia-le
23995,52,Xã Đak Pơ,dak-po
24007,52,Xã Ya Hội,ya-hoi
24013,52,Xã Pờ Tó,po-to
24022,52,Xã Ia Pa,ia-pa
24028,52,Xã Ia Tul,ia-tul
24043,52,Xã Phú Thiện,phu-thien
24044,52,Phường Ayun Pa,ayun-pa
24049,52,Xã Chư A Thai,chu-a-thai
24061,52,Xã Ia Hiao,ia-hiao
24065,52,Xã Ia Rbol,ia-rbol
24073,52,Xã Ia Sao,ia-sao
24076,52,Xã Phú Túc,phu-tuc
24100,52,Xã Ia Dreh,ia-dreh
24109,52,Xã Uar,uar
24112,52,Xã Ia Rsai,ia-rsai
24121,66,Phường Tân Lập,tan-lap
24133,66,Phường Buôn Ma Thuột,buon-ma-thuot
24154,66,Phường Thành Nhất,thanh-nhat
24163,66,Phường Tân An,tan-an
24169,66,Phường Ea Kao,ea-kao
24175,66,Xã Hoà Phú,hoa-phu
24181,66,Xã Ea Drăng,ea-drang
24184,66,Xã Ea H'Leo,ea-h-leo
24187,66,Xã Ea Hiao,ea-hiao
24193,66,Xã Ea Wy,ea-wy
24208,66,Xã Ea Khăl,ea-khal
24211,66,Xã Ea Súp,ea-sup
24214,66,Xã Ia Lốp,ia-lop
24217,66,Xã Ea Rốk,ea-rok
24221,66,Xã Ia Rvê,ia-rve
24229,66,Xã Ea Bung,ea-bung
24235,66,Xã Buôn Đôn,buon-don
24241,66,Xã Ea Wer,ea-wer
24250,66,Xã Ea Nuôl,ea-nuol
24259,66,Xã Quảng Phú,quang-phu
24265,66,Xã Ea Kiết,ea-kiet
24277,66,Xã Ea Tul,ea-tul
24280,66,Xã Cư M'gar,cu-m-gar
24286,66,Xã Ea M'Droh,ea-m-droh
24301,66,Xã Cuôr Đăng,cuor-dang
24305,66,Phường Buôn Hồ,buon-ho
24310,66,Xã Krông Búk,krong-buk
24313,66,Xã Cư Pơng,cu-pong
24316,66,Xã Pơng Drang,pong-drang
24328,66,Xã Ea Drông,ea-drong
24340,66,Phường Cư Bao,cu-bao
24343,66,Xã Krông Năng,krong-nang
24346,66,Xã Dliê Ya,dlie-ya
24352,66,Xã Tam Giang,tam-giang
24364,66,Xã Phú Xuân,phu-xuan
24373,66,Xã Ea Kar,ea-kar
24376,66,Xã Ea Knốp,ea-knop
24400,66,Xã Ea Păl,ea-pal
24403,66,Xã Ea Ô,ea-o
24406,66,Xã Cư Yang,cu-yang
24412,66,Xã M'Drắk,m-drak
24415,66,Xã Cư Prao,cu-prao
24433,66,Xã Ea Riêng,ea-rieng
24436,66,Xã Cư M'ta,cu-m-ta
24444,66,Xã Krông Á,krong-a
24445,66,Xã Ea Trang,ea-trang
24448,66,Xã Krông Bông,krong-bong
24454,66,Xã Dang Kang,dang-kang
24472,66,Xã Hoà Sơn,hoa-son
24478,66,Xã Cư Pui,cu-pui
24484,66,Xã Yang Mao,yang-mao
24490,66,Xã Krông Pắc,krong-pac
24496,66,Xã Ea Kly,ea-kly
24502,66,Xã Ea Phê,ea-phe
24505,66,Xã Ea Knuếc,ea-knuec
24526,66,Xã Tân Tiến,tan-tien
24529,66,Xã Vụ Bổn,vu-bon
24538,66,Xã Krông Ana,krong-ana
24540,66,Xã Ea Ning,ea-ning
24544,66,Xã Ea Ktur,ea-ktur
24559,66,Xã Ea Na,ea-na
24561,66,Xã Dray Bhăng,dray-bhang
24568,66,Xã Dur Kmăl,dur-kmal
24580,66,Xã Liên Sơn Lắk,lien-son-lak
24595,66,Xã Đắk Liêng,dak-lieng
24598,66,Xã Đắk Phơi,dak-phoi
24604,66,Xã Krông Nô,krong-no
24607,66,Xã Nam Ka,nam-ka
24611,68,Phường Bắc Gia Nghĩa,bac-gia-nghia
24615,68,Phường Nam Gia Nghĩa,nam-gia-nghia
24616,68,Xã Quảng Sơn,quang-son
24617,68,Phường Đông Gia Nghĩa,dong-gia-nghia
24620,68,Xã Quảng Hoà,quang-hoa
24631,68,Xã Quảng Khê,quang-khe
24637,68,Xã Tà Đùng,ta-dung
24640,68,Xã Cư Jút,cu-jut
24646,68,Xã Đắk Wil,dak-wil
24649,68,Xã Nam Dong,nam-dong
24664,68,Xã Đức Lập,duc-lap
24670,68,Xã Đắk Mil,dak-mil
24678,68,Xã Đắk Sắk,dak-sak
24682,68,Xã Thuận An,thuan-an
24688,68,Xã Krông Nô,krong-no
24697,68,Xã Nam Đà,nam-da
24703,68,Xã Nâm Nung,nam-nung
24712,68,Xã Quảng Phú,quang-phu
24717,68,Xã Đức An,duc-an
24718,68,Xã Đắk Song,dak-song
24722,68,Xã Thuận Hạnh,thuan-hanh
24730,68,Xã Trường Xuân,truong-xuan
24733,68,Xã Kiến Đức,kien-duc
24736,68,Xã Quảng Trực,quang-truc
24739,68,Xã Tuy Đức,tuy-duc
24748,68,Xã Quảng Tân,quang-tan
24751,68,Xã Nhân Cơ,nhan-co
24760,68,Xã Quảng Tín,quang-tin
24778,68,Phường Lâm Viên - Đà Lạt,lam-vien-da-lat
24781,68,Phường Xuân Hương - Đà Lạt,xuan-huong-da-lat
24787,68,Phường Cam Ly - Đà Lạt,cam-ly-da-lat
24805,68,Phường Xuân Trường - Đà Lạt,xuan-truong-da-lat
24820,68,Phường 2 Bảo Lộc,2-bao-loc
24823,68,Phường 1 Bảo Lộc,1-bao-loc
24829,68,Phường B'Lao,b-lao
24841,68,Phường 3 Bảo Lộc,3-bao-loc
24846,68,Phường Lang Biang - Đà Lạt,lang-biang-da-lat
24848,68,Xã Lạc Dương,lac-duong
24853,68,Xã Đam Rông 4,dam-rong-4
24868,68,Xã Nam Ban Lâm Hà,nam-ban-lam-ha
24871,68,Xã Đinh Văn Lâm Hà,dinh-van-lam-ha
24875,68,Xã Đam Rông 3,dam-rong-3
24877,68,Xã Đam Rông 2,dam-rong-2
24883,68,Xã Nam Hà Lâm Hà,nam-ha-lam-ha
24886,68,Xã Đam Rông 1,dam-rong-1
24895,68,Xã Phú Sơn Lâm Hà,phu-son-lam-ha
24907,68,Xã Phúc Thọ Lâm Hà,phuc-tho-lam-ha
24916,68,Xã Tân Hà Lâm Hà,tan-ha-lam-ha
24931,68,Xã Đơn Dương,don-duong
24934,68,Xã D'Ran,d-ran
24943,68,Xã Ka Đô,ka-do
24955,68,Xã Quảng Lập,quang-lap
24958,68,Xã Đức Trọng,duc-trong
24967,68,Xã Hiệp Thạnh,hiep-thanh
24976,68,Xã Tân Hội,tan-hoi
24985,68,Xã Ninh Gia,ninh-gia
24988,68,Xã Tà Năng,ta-nang
24991,68,Xã Tà Hine,ta-hine
25000,68,Xã Di Linh,di-linh
25007,68,Xã Đinh Trang Thượng,dinh-trang-thuong
25015,68,Xã Gia Hiệp,gia-hiep
25018,68,Xã Bảo Thuận,bao-thuan
25036,68,Xã Hoà Ninh,hoa-ninh
25042,68,Xã Hoà Bắc,hoa-bac
25051,68,Xã Sơn Điền,son-dien
25054,68,Xã Bảo Lâm 1,bao-lam-1
25057,68,Xã Bảo Lâm 5,bao-lam-5
25063,68,Xã Bảo Lâm 4,bao-lam-4
25084,68,Xã Bảo Lâm 2,bao-lam-2
25093,68,Xã Bảo Lâm 3,bao-lam-3
25099,68,Xã Đạ Huoai,da-huoai
25105,68,Xã Đạ Huoai 2,da-huoai-2
25114,68,Xã Đạ Huoai 3,da-huoai-3
25126,68,Xã Đạ Tẻh,da-teh
25135,68,Xã Đạ Tẻh 3,da-teh-3
25138,68,Xã Đạ Tẻh 2,da-teh-2
25159,68,Xã Cát Tiên,cat-tien
25162,68,Xã Cát Tiên 3,cat-tien-3
25180,68,Xã Cát Tiên 2,cat-tien-2
25195,75,Phường Bình Phước,binh-phuoc
25210,75,Phường Đồng Xoài,dong-xoai
25217,75,Phường Phước Long,phuoc-long
25220,75,Phường Phước Bình,phuoc-binh
25222,75,Xã Bù Gia Mập,bu-gia-map
25225,75,Xã Đăk Ơ,dak-o
25231,75,Xã Đa Kia,da-kia
25246,75,Xã Bình Tân,binh-tan
25252,75,Xã Phú Riềng,phu-rieng
25255,75,Xã Long Hà,long-ha
25261,75,Xã Phú Trung,phu-trung
25267,75,Xã Phú Nghĩa,phu-nghia
25270,75,Phường Lộc Ninh,loc-ninh
25279,75,Xã Lộc Tấn,loc-tan
25280,75,Xã Lộc Thạnh,loc-thanh-25280
25292,75,Xã Lộc Quang,loc-quang
25294,75,Xã Lộc Thành,loc-thanh-25294
25303,75,Xã Lộc Hưng,loc-hung
25308,75,Xã Thiện Hưng,thien-hung
25309,75,Xã Hưng Phước,hung-phuoc
25318,75,Xã Tân Tiến,tan-tien
25326,75,Phường Bình Long,binh-long
25333,75,Phường An Lộc,an-loc
25345,75,Xã Tân Hưng,tan-hung
25349,75,Xã Minh Đức,minh-duc
25351,75,Xã Tân Quan,tan-quan
25357,75,Phường Tân Khai,tan-khai
25363,75,Phường Đồng Phú,dong-phu
25378,75,Xã Tân Lợi,tan-loi
25387,75,Xã Thuận Lợi,thuan-loi
25390,75,Xã Đồng Tâm,dong-tam
25396,75,Xã Bù Đăng,bu-dang
25399,75,Xã Đak Nhau,dak-nhau
25402,75,Xã Thọ Sơn,tho-son
25405,75,Xã Bom Bo,bom-bo
25417,75,Xã Nghĩa Trung,nghia-trung
25420,75,Xã Phước Sơn,phuoc-son
25432,75,Phường Chơn Thành,chon-thanh
25441,75,Phường Minh Hưng,minh-hung
25450,75,Xã Nha Bích,nha-bich
25459,80,Phường Tân Ninh,tan-ninh
25480,80,Phường Bình Minh,binh-minh
25486,80,Xã Tân Biên,tan-bien
25489,80,Xã Tân Lập,tan-lap
25498,80,Xã Thạnh Bình,thanh-binh
25510,80,Xã Trà Vong,tra-vong
25516,80,Xã Tân Châu,tan-chau
25522,80,Xã Tân Đông,tan-dong
25525,80,Xã Tân Hội,tan-hoi
25531,80,Xã Tân Hoà,tan-hoa
25534,80,Xã Tân Thành,tan-thanh-25534
25549,80,Xã Tân Phú,tan-phu
25552,80,Xã Dương Minh Châu,duong-minh-chau
25567,80,Phường Ninh Thạnh,ninh-thanh
25573,80,Xã Cầu Khởi,cau-khoi
25579,80,Xã Lộc Ninh,loc-ninh
25585,80,Xã Châu Thành,chau-thanh
25588,80,Xã Hảo Đước,hao-duoc
25591,80,Xã Phước Vinh,phuoc-vinh
25606,80,Xã Hoà Hội,hoa-hoi
25621,80,Xã Ninh Điền,ninh-dien
25630,80,Phường Long Hoa,long-hoa
25633,80,Phường Thanh Điền,thanh-dien
25645,80,Phường Hoà Thành,hoa-thanh
25654,80,Phường Gò Dầu,go-dau
25657,80,Xã Thạnh Đức,thanh-duc
25663,80,Xã Phước Thạnh,phuoc-thanh
25666,80,Xã Truông Mít,truong-mit
25672,80,Phường Gia Lộc,gia-loc
25681,80,Xã Bến Cầu,ben-cau
25684,80,Xã Long Chữ,long-chu
25702,80,Xã Long Thuận,long-thuan
25708,80,Phường Trảng Bàng,trang-bang
25711,80,Xã Hưng Thuận,hung-thuan
25729,80,Xã Phước Chỉ,phuoc-chi
25732,80,Phường An Tịnh,an-tinh
25747,79,Phường Thủ Dầu Một,thu-dau-mot
25750,79,Phường Phú Lợi,phu-loi
25760,79,Phường Bình Dương,binh-duong
25768,79,Phường Phú An,phu-an
25771,79,Phường Chánh Hiệp,chanh-hiep
25777,79,Xã Dầu Tiếng,dau-tieng
25780,79,Xã Minh Thạnh,minh-thanh
25792,79,Xã Long Hoà,long-hoa
25807,79,Xã Thanh An,thanh-an-25807
25813,79,Phường Bến Cát,ben-cat
25819,79,Xã Trừ Văn Thố,tru-van-tho
25822,79,Xã Bàu Bàng,bau-bang
25837,79,Phường Chánh Phú Hoà,chanh-phu-hoa
25840,79,Phường Long Nguyên,long-nguyen
25843,79,Phường Tây Nam,tay-nam
25846,79,Phường Thới Hoà,thoi-hoa
25849,79,Phường Hoà Lợi,hoa-loi
25858,79,Xã Phú Giáo,phu-giao
25864,79,Xã Phước Thành,phuoc-thanh
25867,79,Xã An Long,an-long
25882,79,Xã Phước Hoà,phuoc-hoa
25888,79,Phường Tân Uyên,tan-uyen
25891,79,Phường Tân Khánh,tan-khanh
25906,79,Xã Bắc Tân Uyên,bac-tan-uyen
25909,79,Xã Thường Tân,thuong-tan
25912,79,Phường Vĩnh Tân,vinh-tan
25915,79,Phường Bình Cơ,binh-co
25920,79,Phường Tân Hiệp,tan-hiep
25942,79,Phường Dĩ An,di-an
25945,79,Phường Tân Đông Hiệp,tan-dong-hiep
25951,79,Phường Đông Hoà,dong-hoa
25966,79,Phường Lái Thiêu,lai-thieu
25969,79,Phường Thuận Giao,thuan-giao
25975,79,Phường An Phú,an-phu
25978,79,Phường Thuận An,thuan-an
25987,79,Phường Bình Hoà,binh-hoa
25993,75,Phường Trảng Dài,trang-dai
26005,75,Phường Hố Nai,ho-nai
26017,75,Phường Tam Hiệp,tam-hiep
26020,75,Phường Long Bình,long-binh
26041,75,Phường Trấn Biên,tran-bien
26068,75,Phường Biên Hoà,bien-hoa
26080,75,Phường Long Khánh,long-khanh
26089,75,Phường Bình Lộc,binh-loc
26098,75,Phường Bảo Vinh,bao-vinh
26104,75,Phường Xuân Lập,xuan-lap
26113,75,Phường Hàng Gòn,hang-gon
26116,75,Phường Tân Phú,tan-phu
26119,75,Xã Đak Lua,dak-lua
26122,75,Xã Nam Cát Tiên,nam-cat-tien
26134,75,Xã Tà Lài,ta-lai
26158,75,Xã Phú Lâm,phu-lam
26170,75,Phường Trị An,tri-an
26173,75,Xã Phú Lý,phu-ly
26179,75,Xã Tân An,tan-an
26188,75,Phường Tân Triều,tan-trieu
26206,75,Xã Định Quán,dinh-quan
26209,75,Xã Thanh Sơn,thanh-son
26215,75,Xã Phú Vinh,phu-vinh
26221,75,Xã Phú Hoà,phu-hoa
26227,75,Xã La Ngà,la-nga
26248,75,Phường Trảng Bom,trang-bom
26254,75,Xã Bàu Hàm,bau-ham
26278,75,Xã Bình Minh,binh-minh
26281,75,Xã Hưng Thịnh,hung-thinh
26296,75,Xã An Viễn,an-vien
26299,75,Xã Thống Nhất,thong-nhat
26311,75,Xã Gia Kiệm,gia-kiem
26326,75,Phường Dầu Giây,dau-giay
26332,75,Xã Xuân Quế,xuan-que
26341,75,Xã Cẩm Mỹ,cam-my
26347,75,Xã Xuân Đường,xuan-duong
26359,75,Xã Xuân Đông,xuan-dong
26362,75,Xã Sông Ray,song-ray
26368,75,Phường Long Thành,long-thanh
26374,75,Phường Tam Phước,tam-phuoc
26377,75,Phường Phước Tân,phuoc-tan
26380,75,Phường Long Hưng,long-hung
26383,75,Xã An Phước,an-phuoc
26389,75,Xã Bình An,binh-an
26413,75,Xã Long Phước,long-phuoc
26422,75,Xã Phước Thái,phuoc-thai
26425,75,Phường Xuân Lộc,xuan-loc
26428,75,Xã Xuân Bắc,xuan-bac
26434,75,Xã Xuân Thành,xuan-thanh
26446,75,Xã Xuân Hoà,xuan-hoa
26458,75,Xã Xuân Phú,xuan-phu
26461,75,Xã Xuân Định,xuan-dinh
26485,75,Phường Nhơn Trạch,nhon-trach
26491,75,Xã Đại Phước,dai-phuoc
26503,75,Xã Phước An,phuoc-an
26506,79,Phường Vũng Tàu,vung-tau
26526,79,Phường Tam Thắng,tam-thang
26536,79,Phường Rạch Dừa,rach-dua
26542,79,Phường Phước Thắng,phuoc-thang
26545,79,Xã Long Sơn,long-son
26560,79,Phường Bà Rịa,ba-ria
26566,79,Phường Long Hương,long-huong
26572,79,Phường Tam Long,tam-long
26575,79,Xã Ngãi Giao,ngai-giao
26584,79,Xã Xuân Sơn,xuan-son
26590,79,Xã Bình Giã,binh-gia
26596,79,Xã Châu Đức,chau-duc
26608,79,Xã Kim Long,kim-long
26617,79,Xã Nghĩa Thành,nghia-thanh
26620,79,Xã Hồ Tràm,ho-tram
26632,79,Xã Xuyên Mộc,xuyen-moc
26638,79,Xã Bàu Lâm,bau-lam
26641,79,Xã Hoà Hội,hoa-hoi
26647,79,Xã Hoà Hiệp,hoa-hiep
26656,79,Xã Bình Châu,binh-chau
26659,79,Xã Long Điền,long-dien
26662,79,Xã Long Hải,long-hai
26680,79,Xã Đất Đỏ,dat-do
26686,79,Xã Phước Hải,phuoc-hai
26704,79,Phường Phú Mỹ,phu-my
26710,79,Phường Tân Hải,tan-hai
26713,79,Phường Tân Phước,tan-phuoc
26725,79,Phường Tân Thành,tan-thanh
26728,79,Xã Châu Pha,chau-pha
26732,79,Đặc khu Côn Đảo,con-dao
26737,79,Phường Tân Định,tan-dinh
26740,79,Phường Sài Gòn,sai-gon
26743,79,Phường Bến Thành,ben-thanh
26758,79,Phường Cầu Ông Lãnh,cau-ong-lanh
26767,79,Phường An Phú Đông,an-phu-dong
26773,79,Phường Thới An,thoi-an
26782,79,Phường Tân Thới Hiệp,tan-thoi-hiep
26785,79,Phường Trung Mỹ Tây,trung-my-tay
26791,79,Phường Đông Hưng Thuận,dong-hung-thuan
26800,79,Phường Linh Xuân,linh-xuan
26803,79,Phường Tam Bình,tam-binh
26809,79,Phường Hiệp Bình,hiep-binh
26824,79,Phường Thủ Đức,thu-duc
26833,79,Phường Long Bình,long-binh
26842,79,Phường Tăng Nhơn Phú,tang-nhon-phu
26848,79,Phường Phước Long,phuoc-long
26857,79,Phường Long Phước,long-phuoc
26860,79,Phường Long Trường,long-truong
26876,79,Phường An Nhơn,an-nhon
26878,79,Phường An Hội Đông,an-hoi-dong
26882,79,Phường An Hội Tây,an-hoi-tay
26884,79,Phường Gò Vấp,go-vap
26890,79,Phường Hạnh Thông,hanh-thong
26898,79,Phường Thông Tây Hội,thong-tay-hoi
26905,79,Phường Bình Lợi Trung,binh-loi-trung
26911,79,Phường Bình Quới,binh-quoi
26929,79,Phường Bình Thạnh,binh-thanh
26944,79,Phường Gia Định,gia-dinh
26956,79,Phường Thạnh Mỹ Tây,thanh-my-tay
26968,79,Phường Tân Sơn Nhất,tan-son-nhat
26977,79,Phường Tân Sơn Hoà,tan-son-hoa
26983,79,Phường Bảy Hiền,bay-hien
26995,79,Phường Tân Hoà,tan-hoa
27004,79,Phường Tân Bình,tan-binh
27007,79,Phường Tân Sơn,tan-son
27013,79,Phường Tây Thạnh,tay-thanh
27019,79,Phường Tân Sơn Nhì,tan-son-nhi
27022,79,Phường Phú Thọ Hoà,phu-tho-hoa
27028,79,Phường Phú Thạnh,phu-thanh
27031,79,Phường Tân Phú,tan-phu
27043,79,Phường Đức Nhuận,duc-nhuan
27058,79,Phường Cầu Kiệu,cau-kieu
27073,79,Phường Phú Nhuận,phu-nhuan
27094,79,Phường An Khánh,an-khanh
27097,79,Phường Bình Trưng,binh-trung
27112,79,Phường Cát Lái,cat-lai
27139,79,Phường Xuân Hoà,xuan-hoa
27142,79,Phường Nhiêu Lộc,nhieu-loc
27154,79,Phường Bàn Cờ,ban-co
27163,79,Phường Hoà Hưng,hoa-hung
27169,79,Phường Diên Hồng,dien-hong
27190,79,Phường Vườn Lài,vuon-lai
27211,79,Phường Hoà Bình,hoa-binh
27226,79,Phường Phú Thọ,phu-tho
27232,79,Phường Bình Thới,binh-thoi
27238,79,Phường Minh Phụng,minh-phung
27259,79,Phường Xóm Chiếu,xom-chieu
27265,79,Phường Khánh Hội,khanh-hoi
27286,79,Phường Vĩnh Hội,vinh-hoi
27301,79,Phường Chợ Quán,cho-quan
27316,79,Phường An Đông,an-dong
27343,79,Phường Chợ Lớn,cho-lon
27349,79,Phường Phú Lâm,phu-lam
27364,79,Phường Bình Phú,binh-phu
27367,79,Phường Bình Tây,binh-tay
27373,79,Phường Bình Tiên,binh-tien
27418,79,Phường Chánh Hưng,chanh-hung
27424,79,Phường Bình Đông,binh-dong
27427,79,Phường Phú Định,phu-dinh
27439,79,Phường Bình Hưng Hoà,binh-hung-hoa
27442,79,Phường Bình Tân,binh-tan
27448,79,Phường Bình Trị Đông,binh-tri-dong
27457,79,Phường Tân Tạo,tan-tao
27460,79,Phường An Lạc,an-lac
27475,79,Phường Tân Hưng,tan-hung
27478,79,Phường Tân Thuận,tan-thuan
27484,79,Phường Phú Thuận,phu-thuan
27487,79,Phường Tân Mỹ,tan-my
27496,79,Xã Tân An Hội,tan-an-hoi
27508,79,Xã An Nhơn Tây,an-nhon-tay
27511,79,Xã Nhuận Đức,nhuan-duc
27526,79,Xã Thái Mỹ,thai-my
27541,79,Xã Phú Hoà Đông,phu-hoa-dong
27544,79,Xã Bình Mỹ,binh-my
27553,79,Xã Củ Chi,cu-chi
27559,79,Xã Hóc Môn,hoc-mon
27568,79,Xã Đông Thạnh,dong-thanh
27577,79,Xã Xuân Thới Sơn,xuan-thoi-son
27592,79,Xã Bà Điểm,ba-diem
27595,79,Xã Tân Nhựt,tan-nhut
27601,79,Xã Vĩnh Lộc,vinh-loc
27604,79,Xã Tân Vĩnh Lộc,tan-vinh-loc
27610,79,Xã Bình Lợi,binh-loi
27619,79,Xã Bình Hưng,binh-hung
27628,79,Xã Hưng Long,hung-long
27637,79,Xã Bình Chánh,binh-chanh
27655,79,Xã Nhà Bè,nha-be
27658,79,Xã Hiệp Phước,hiep-phuoc
27664,79,Xã Cần Giờ,can-gio
27667,79,Xã Bình Khánh,binh-khanh
27673,79,Xã An Thới Đông,an-thoi-dong
27676,79,Xã Thạnh An,thanh-an-27676
27694,80,Phường Long An,long-an
27712,80,Phường Tân An,tan-an
27715,80,Phường Khánh Hậu,khanh-hau
27721,80,Xã Tân Hưng,tan-hung
27727,80,Xã Hưng Điền,hung-dien
27736,80,Xã Vĩnh Thạnh,vinh-thanh
27748,80,Xã Vĩnh Châu,vinh-chau
27757,80,Xã Vĩnh Hưng,vinh-hung
27763,80,Xã Khánh Hưng,khanh-hung
27775,80,Xã Tuyên Bình,tuyen-binh
27787,80,Phường Kiến Tường,kien-tuong
27793,80,Xã Bình Hiệp,binh-hiep
27811,80,Xã Bình Hoà,binh-hoa
27817,80,Xã Tuyên Thạnh,tuyen-thanh
27823,80,Xã Mộc Hoá,moc-hoa
27826,80,Xã Tân Thạnh,tan-thanh-27826
27838,80,Xã Nhơn Hoà Lập,nhon-hoa-lap
27841,80,Xã Hậu Thạnh,hau-thanh
27856,80,Xã Nhơn Ninh,nhon-ninh
27865,80,Xã Thạnh Hoá,thanh-hoa
27868,80,Xã Bình Thành,binh-thanh
27877,80,Xã Thạnh Phước,thanh-phuoc
27889,80,Xã Tân Tây,tan-tay
27898,80,Xã Đông Thành,dong-thanh
27907,80,Xã Mỹ Quý,my-quy
27925,80,Xã Đức Huệ,duc-hue
27931,80,Xã Hậu Nghĩa,hau-nghia
27937,80,Xã Đức Hoà,duc-hoa
27943,80,Xã An Ninh,an-ninh
27952,80,Xã Hiệp Hoà,hiep-hoa
27964,80,Xã Đức Lập,duc-lap
27976,80,Xã Mỹ Hạnh,my-hanh
27979,80,Xã Hoà Khánh,hoa-khanh
27991,80,Xã Bến Lức,ben-luc
27994,80,Xã Thạnh Lợi,thanh-loi
28003,80,Xã Lương Hoà,luong-hoa
28015,80,Xã Bình Đức,binh-duc
28018,80,Xã Mỹ Yên,my-yen
28036,80,Xã Thủ Thừa,thu-thua
28051,80,Xã Mỹ Thạnh,my-thanh
28066,80,Xã Mỹ An,my-an
28072,80,Xã Tân Long,tan-long
28075,80,Xã Tân Trụ,tan-tru
28087,80,Xã Nhựt Tảo,nhut-tao
28093,80,Xã Vàm Cỏ,vam-co
28108,80,Xã Cần Đước,can-duoc
28114,80,Xã Rạch Kiến,rach-kien
28126,80,Xã Long Cang,long-cang
28132,80,Xã Mỹ Lệ,my-le
28138,80,Xã Tân Lân,tan-lan
28144,80,Xã Long Hựu,long-huu
28159,80,Xã Cần Giuộc,can-giuoc
28165,80,Xã Phước Lý,phuoc-ly
28177,80,Xã Mỹ Lộc,my-loc
28201,80,Xã Phước Vĩnh Tây,phuoc-vinh-tay
28207,80,Xã Tân Tập,tan-tap
28210,80,Xã Tầm Vu,tam-vu
28222,80,Xã Vĩnh Công,vinh-cong
28225,80,Xã Thuận Mỹ,thuan-my
28243,80,Xã An Lục Long,an-luc-long
28249,82,Phường Đạo Thạnh,dao-thanh
28261,82,Phường Mỹ Tho,my-tho-28261
28270,82,Phường Thới Sơn,thoi-son
28273,82,Phường Mỹ Phong,my-phong
28285,82,Phường Trung An,trung-an
28297,82,Phường Long Thuận,long-thuan
28306,82,Phường Gò Công,go-cong
28315,82,Phường Bình Xuân,binh-xuan
28321,82,Xã Tân Phước 1,tan-phuoc-1
28327,82,Xã Tân Phước 2,tan-phuoc-2
28336,82,Xã Hưng Thạnh,hung-thanh
28345,82,Xã Tân Phước 3,tan-phuoc-3
28360,82,Xã Cái Bè,cai-be
28366,82,Xã Hậu Mỹ,hau-my
28378,82,Xã Mỹ Thiện,my-thien
28393,82,Xã Hội Cư,hoi-cu
28405,82,Xã Mỹ Đức Tây,my-duc-tay
28414,82,Xã Mỹ Lợi,my-loi
28426,82,Xã Thanh Hưng,thanh-hung
28429,82,Xã An Hữu,an-huu
28435,82,Phường Mỹ Phước Tây,my-phuoc-tay
28436,82,Phường Thanh Hoà,thanh-hoa
28439,82,Phường Cai Lậy,cai-lay
28444,82,Xã Thạnh Phú,thanh-phu
28456,82,Xã Mỹ Thành,my-thanh
28468,82,Xã Tân Phú,tan-phu
28471,82,Xã Bình Phú,binh-phu
28477,82,Phường Nhị Quý,nhi-quy
28501,82,Xã Hiệp Đức,hiep-duc
28504,82,Xã Long Tiên,long-tien
28516,82,Xã Ngũ Hiệp,ngu-hiep
28519,82,Xã Châu Thành,chau-thanh
28525,82,Xã Tân Hương,tan-huong
28537,82,Xã Long Hưng,long-hung
28543,82,Xã Long Định,long-dinh
28564,82,Xã Bình Trưng,binh-trung
28576,82,Xã Vĩnh Kim,vinh-kim
28582,82,Xã Kim Sơn,kim-son
28594,82,Xã Chợ Gạo,cho-gao
28603,82,Xã Mỹ Tịnh An,my-tinh-an
28615,82,Xã Lương Hoà Lạc,luong-hoa-lac
28627,82,Xã Tân Thuận Bình,tan-thuan-binh
28633,82,Xã An Thạnh Thuỷ,an-thanh-thuy
28648,82,Xã Bình Ninh,binh-ninh
28651,82,Xã Vĩnh Bình,vinh-binh
28660,82,Xã Đồng Sơn,dong-son
28663,82,Xã Phú Thành,phu-thanh
28678,82,Xã Vĩnh Hựu,vinh-huu
28687,82,Xã Long Bình,long-binh
28693,82,Xã Tân Thới,tan-thoi
28696,82,Xã Tân Phú Đông,tan-phu-dong
28702,82,Xã Tân Hoà,tan-hoa
28720,82,Xã Gia Thuận,gia-thuan
28723,82,Xã Tân Đông,tan-dong
28729,82,Phường Sơn Qui,son-qui
28738,82,Xã Tân Điền,tan-dien
28747,82,Xã Gò Công Đông,go-cong-dong
28756,86,Phường Phú Khương,phu-khuong
28777,86,Phường An Hội,an-hoi
28783,86,Phường Sơn Đông,son-dong
28789,86,Phường Bến Tre,ben-tre
28807,86,Xã Giao Long,giao-long
28810,86,Xã Phú Túc,phu-tuc
28840,86,Xã Tân Phú,tan-phu
28858,86,Phường Phú Tân,phu-tan
28861,86,Xã Tiên Thuỷ,tien-thuy
28870,86,Xã Chợ Lách,cho-lach
28879,86,Xã Phú Phụng,phu-phung
28894,86,Xã Vĩnh Thành,vinh-thanh
28901,86,Xã Hưng Khánh Trung,hung-khanh-trung
28903,86,Xã Mỏ Cày,mo-cay
28915,86,Xã Phước Mỹ Trung,phuoc-my-trung
28921,86,Xã Tân Thành Bình,tan-thanh-binh
28945,86,Xã Đồng Khởi,dong-khoi
28948,86,Xã Nhuận Phú Tân,nhuan-phu-tan
28957,86,Xã An Định,an-dinh
28969,86,Xã Thành Thới,thanh-thoi
28981,86,Xã Hương Mỹ,huong-my
28984,86,Xã Giồng Trôm,giong-trom
28987,86,Xã Lương Hoà,luong-hoa
28993,86,Xã Lương Phú,luong-phu
28996,86,Xã Châu Hoà,chau-hoa
29020,86,Xã Phước Long,phuoc-long
29029,86,Xã Tân Hào,tan-hao
29044,86,Xã Hưng Nhượng,hung-nhuong
29050,86,Xã Bình Đại,binh-dai
29062,86,Xã Phú Thuận,phu-thuan
29077,86,Xã Lộc Thuận,loc-thuan
29083,86,Xã Châu Hưng,chau-hung
29089,86,Xã Thạnh Trị,thanh-tri
29104,86,Xã Thạnh Phước,thanh-phuoc
29107,86,Xã Thới Thuận,thoi-thuan
29110,86,Xã Ba Tri,ba-tri
29122,86,Xã Mỹ Chánh Hoà,my-chanh-hoa
29125,86,Xã Bảo Thạnh,bao-thanh
29137,86,Xã Tân Xuân,tan-xuan
29143,86,Xã An Ngãi Trung,an-ngai-trung
29158,86,Xã An Hiệp,an-hiep
29167,86,Xã Tân Thuỷ,tan-thuy
29182,86,Xã Thạnh Phú,thanh-phu
29191,86,Xã Quới Điền,quoi-dien
29194,86,Xã Đại Điền,dai-dien
29221,86,Xã Thạnh Hải,thanh-hai
29224,86,Xã An Qui,an-qui
29227,86,Xã Thạnh Phong,thanh-phong
29242,86,Phường Trà Vinh,tra-vinh
29254,86,Phường Nguyệt Hoá,nguyet-hoa
29263,86,Phường Long Đức,long-duc
29266,86,Xã Càng Long,cang-long
29275,86,Xã An Trường,an-truong
29278,86,Xã Tân An,tan-an
29287,86,Xã Bình Phú,binh-phu
29302,86,Xã Nhị Long,nhi-long
29308,86,Xã Cầu Kè,cau-ke
29317,86,Xã An Phú Tân,an-phu-tan
29329,86,Xã Phong Thạnh,phong-thanh
29335,86,Xã Tam Ngãi,tam-ngai
29341,86,Xã Tiểu Cần,tieu-can
29362,86,Xã Hùng Hoà,hung-hoa
29365,86,Xã Tập Ngãi,tap-ngai
29371,86,Xã Tân Hoà,tan-hoa
29374,86,Xã Châu Thành,chau-thanh
29386,86,Xã Song Lộc,song-loc
29398,86,Phường Hoà Thuận,hoa-thuan
29407,86,Xã Hưng Mỹ,hung-my
29410,86,Xã Hoà Minh,hoa-minh
29413,86,Xã Long Hoà,long-hoa
29416,86,Xã Cầu Ngang,cau-ngang
29419,86,Xã Mỹ Long,my-long
29431,86,Xã Vinh Kim,vinh-kim
29446,86,Xã Nhị Trường,nhi-truong
29455,86,Xã Hiệp Mỹ,hiep-my
29461,86,Xã Trà Cú,tra-cu
29467,86,Xã Tập Sơn,tap-son
29476,86,Xã Lưu Nghiệp Anh,luu-nghiep-anh
29489,86,Xã Hàm Giang,ham-giang
29491,86,Xã Đại An,dai-an
29497,86,Xã Đôn Châu,don-chau
29506,86,Xã Long Hiệp,long-hiep
29512,86,Phường Duyên Hải,duyen-hai
29513,86,Xã Long Thành,long-thanh
29516,86,Phường Trường Long Hoà,truong-long-hoa
29518,86,Xã Long Hữu,long-huu
29530,86,Xã Ngũ Lạc,ngu-lac
29533,86,Xã Long Vĩnh,long-vinh
29536,86,Xã Đông Hải,dong-hai
29551,86,Phường Long Châu,long-chau
29557,86,Phường Phước Hậu,phuoc-hau
29566,86,Phường Tân Ngãi,tan-ngai
29584,86,Xã An Bình,an-binh
29590,86,Phường Thanh Đức,thanh-duc
29593,86,Phường Tân Hạnh,tan-hanh
29602,86,Xã Long Hồ,long-ho
29611,86,Xã Phú Quới,phu-quoi
29623,86,Xã Nhơn Phú,nhon-phu
29638,86,Xã Bình Phước,binh-phuoc
29641,86,Xã Cái Nhum,cai-nhum
29653,86,Xã Tân Long Hội,tan-long-hoi
29659,86,Xã Trung Thành,trung-thanh
29668,86,Xã Quới An,quoi-an
29677,86,Xã Quới Thiện,quoi-thien
29683,86,Xã Trung Hiệp,trung-hiep
29698,86,Xã Trung Ngãi,trung-ngai
29701,86,Xã Hiếu Phụng,hieu-phung
29713,86,Xã Hiếu Thành,hieu-thanh
29719,86,Xã Tam Bình,tam-binh
29728,86,Xã Cái Ngang,cai-ngang
29734,86,Xã Hoà Hiệp,hoa-hiep
29740,86,Xã Song Phú,song-phu
29767,86,Xã Ngãi Tứ,ngai-tu
29770,86,Phường Cái Vồn,cai-von
29771,86,Phường Bình Minh,binh-minh
29785,86,Xã Tân Lược,tan-luoc
29788,86,Xã Mỹ Thuận,my-thuan
29800,86,Xã Tân Quới,tan-quoi
29812,86,Phường Đông Thành,dong-thanh
29821,86,Xã Trà Ôn,tra-on
29830,86,Xã Hoà Bình,hoa-binh
29836,86,Xã Trà Côn,tra-con
29845,86,Xã Vĩnh Xuân,vinh-xuan
29857,86,Xã Lục Sĩ Thành,luc-si-thanh
29869,82,Phường Cao Lãnh,cao-lanh
29884,82,Phường Mỹ Ngãi,my-ngai
29888,82,Phường Mỹ Trà,my-tra
29905,82,Phường Sa Đéc,sa-dec
29926,82,Xã Tân Hồng,tan-hong
29929,82,Xã Tân Hộ Cơ,tan-ho-co
29938,82,Xã Tân Thành,tan-thanh-29938
29944,82,Xã An Phước,an-phuoc
29954,82,Phường An Bình,an-binh
29955,82,Phường Hồng Ngự,hong-ngu
29971,82,Xã Thường Phước,thuong-phuoc
29978,82,Phường Thường Lạc,thuong-lac
29983,82,Xã Long Khánh,long-khanh
29992,82,Xã Long Phú Thuận,long-phu-thuan
30001,82,Xã Tràm Chim,tram-chim
30010,82,Xã Tam Nông,tam-nong
30019,82,Xã An Hoà,an-hoa
30025,82,Xã Phú Cường,phu-cuong
30028,82,Xã An Long,an-long
30034,82,Xã Phú Thọ,phu-tho
30037,82,Xã Tháp Mười,thap-muoi
30043,82,Xã Phương Thịnh,phuong-thinh
30046,82,Xã Trường Xuân,truong-xuan
30055,82,Xã Mỹ Quí,my-qui
30061,82,Xã Đốc Binh Kiều,doc-binh-kieu
30073,82,Xã Thanh Mỹ,thanh-my
30076,82,Xã Mỹ Thọ,my-tho-30076
30085,82,Xã Ba Sao,ba-sao
30088,82,Xã Phong Mỹ,phong-my
30112,82,Xã Mỹ Hiệp,my-hiep
30118,82,Xã Bình Hàng Trung,binh-hang-trung
30130,82,Xã Thanh Bình,thanh-binh
30154,82,Xã Tân Long,tan-long
30157,82,Xã Tân Thạnh,tan-thanh-30157
30163,82,Xã Bình Thành,binh-thanh
30169,82,Xã Lấp Vò,lap-vo
30178,82,Xã Mỹ An Hưng,my-an-hung
30184,82,Xã Tân Khánh Trung,tan-khanh-trung
30208,82,Xã Hoà Long,hoa-long
30214,82,Xã Tân Dương,tan-duong
30226,82,Xã Lai Vung,lai-vung
30235,82,Xã Phong Hoà,phong-hoa
30244,82,Xã Phú Hựu,phu-huu
30253,82,Xã Tân Nhuận Đông,tan-nhuan-dong
30259,82,Xã Tân Phú Trung,tan-phu-trung
30292,91,Phường Bình Đức,binh-duc
30301,91,Phường Mỹ Thới,my-thoi
30307,91,Phường Long Xuyên,long-xuyen
30313,91,Xã Mỹ Hoà Hưng,my-hoa-hung
30316,91,Phường Châu Đốc,chau-doc
30325,91,Phường Vĩnh Tế,vinh-te
30337,91,Xã An Phú,an-phu
30341,91,Xã Khánh Bình,khanh-binh
30346,91,Xã Nhơn Hội,nhon-hoi
30352,91,Xã Phú Hữu,phu-huu
30367,91,Xã Vĩnh Hậu,vinh-hau
30376,91,Phường Tân Châu,tan-chau
30377,91,Phường Long Phú,long-phu
30385,91,Xã Vĩnh Xương,vinh-xuong
30388,91,Xã Tân An,tan-an
30403,91,Xã Châu Phong,chau-phong
30406,91,Xã Phú Tân,phu-tan
30409,91,Xã Chợ Vàm,cho-vam
30421,91,Xã Phú Lâm,phu-lam
30430,91,Xã Hoà Lạc,hoa-lac
30436,91,Xã Phú An,phu-an
30445,91,Xã Bình Thạnh Đông,binh-thanh-dong
30463,91,Xã Châu Phú,chau-phu
30469,91,Xã Mỹ Đức,my-duc
30478,91,Xã Vĩnh Thạnh Trung,vinh-thanh-trung
30481,91,Xã Thạnh Mỹ Tây,thanh-my-tay
30487,91,Xã Bình Mỹ,binh-my
30502,91,Phường Thới Sơn,thoi-son
30505,91,Phường Chi Lăng,chi-lang
30520,91,Phường Tịnh Biên,tinh-bien
30526,91,Xã An Cư,an-cu
30538,91,Xã Núi Cấm,nui-cam
30544,91,Xã Tri Tôn,tri-ton
30547,91,Xã Ba Chúc,ba-chuc
30568,91,Xã Vĩnh Gia,vinh-gia
30577,91,Xã Ô Lâm,o-lam
30580,91,Xã Cô Tô,co-to
30589,91,Xã An Châu,an-chau
30595,91,Xã Cần Đăng,can-dang
30604,91,Xã Vĩnh An,vinh-an
30607,91,Xã Bình Hoà,binh-hoa
30619,91,Xã Vĩnh Hanh,vinh-hanh
30628,91,Xã Chợ Mới,cho-moi
30631,91,Xã Long Điền,long-dien
30643,91,Xã Cù Lao Giêng,cu-lao-gieng
30658,91,Xã Nhơn Mỹ,nhon-my
30664,91,Xã Long Kiến,long-kien
30673,91,Xã Hội An,hoi-an
30682,91,Xã Thoại Sơn,thoai-son
30685,91,Xã Phú Hoà,phu-hoa
30688,91,Xã Óc Eo,oc-eo
30691,91,Xã Tây Phú,tay-phu
30697,91,Xã Vĩnh Trạch,vinh-trach
30709,91,Xã Định Mỹ,dinh-my
30742,91,Phường Rạch Giá,rach-gia
30760,91,Phường Vĩnh Thông,vinh-thong
30766,91,Phường Tô Châu,to-chau
30769,91,Phường Hà Tiên,ha-tien
30781,91,Xã Tiên Hải,tien-hai
30787,91,Xã Kiên Lương,kien-luong
30790,91,Xã Hoà Điền,hoa-dien
30793,91,Xã Vĩnh Điều,vinh-dieu
30796,91,Xã Giang Thành,giang-thanh
30811,91,Xã Sơn Hải,son-hai
30814,91,Xã Hòn Nghệ,hon-nghe
30817,91,Xã Hòn Đất,hon-dat
30823,91,Xã Bình Sơn,binh-son
30826,91,Xã Bình Giang,binh-giang
30835,91,Xã Sơn Kiên,son-kien
30838,91,Xã Mỹ Thuận,my-thuan
30850,91,Xã Tân Hiệp,tan-hiep
30856,91,Xã Tân Hội,tan-hoi
30874,91,Xã Thạnh Đông,thanh-dong
30880,91,Xã Châu Thành,chau-thanh
30886,91,Xã Thạnh Lộc,thanh-loc
30898,91,Xã Bình An,binh-an
30904,91,Xã Giồng Riềng,giong-rieng
30910,91,Xã Thạnh Hưng,thanh-hung
30928,91,Xã Ngọc Chúc,ngoc-chuc
30934,91,Xã Hoà Hưng,hoa-hung
30943,91,Xã Long Thạnh,long-thanh
30949,91,Xã Hoà Thuận,hoa-thuan
30952,91,Xã Gò Quao,go-quao
30958,91,Xã Định Hoà,dinh-hoa
30970,91,Xã Vĩnh Hoà Hưng,vinh-hoa-hung
30982,91,Xã Vĩnh Tuy,vinh-tuy
30985,91,Xã An Biên,an-bien
30988,91,Xã Tây Yên,tay-yen
31006,91,Xã Đông Thái,dong-thai
31012,91,Xã Vĩnh Hoà,vinh-hoa
31018,91,Xã An Minh,an-minh
31024,91,Xã Đông Hoà,dong-hoa
31027,91,Xã U Minh Thượng,u-minh-thuong
31031,91,Xã Tân Thạnh,tan-thanh
31036,91,Xã Đông Hưng,dong-hung
31042,91,Xã Vân Khánh,van-khanh
31051,91,Xã Vĩnh Phong,vinh-phong
31064,91,Xã Vĩnh Bình,vinh-binh
31069,91,Xã Vĩnh Thuận,vinh-thuan
31078,91,Đặc khu Phú Quốc,phu-quoc
31105,91,Đặc khu Thổ Châu,tho-chau
31108,91,Đặc khu Kiên Hải,kien-hai
31120,92,Phường Cái Khế,cai-khe
31135,92,Phường Ninh Kiều,ninh-kieu
31147,92,Phường Tân An,tan-an
31150,92,Phường An Bình,an-binh
31153,92,Phường Ô Môn,o-mon
31157,92,Phường Thới Long,thoi-long
31162,92,Phường Phước Thới,phuoc-thoi
31168,92,Phường Bình Thuỷ,binh-thuy
31174,92,Phường Thới An Đông,thoi-an-dong
31183,92,Phường Long Tuyền,long-tuyen
31186,92,Phường Cái Răng,cai-rang
31201,92,Phường Hưng Phú,hung-phu
31207,92,Phường Thốt Nốt,thot-not
31213,92,Phường Tân Lộc,tan-loc
31217,92,Phường Trung Nhứt,trung-nhut
31228,92,Phường Thuận Hưng,thuan-hung
31231,92,Xã Thạnh An,thanh-an
31232,92,Xã Vĩnh Thạnh,vinh-thanh
31237,92,Xã Vĩnh Trinh,vinh-trinh
31246,92,Xã Thạnh Quới,thanh-quoi
31249,92,Xã Thạnh Phú,thanh-phu
31255,92,Xã Trung Hưng,trung-hung
31258,92,Xã Thới Lai,thoi-lai
31261,92,Xã Cờ Đỏ,co-do
31264,92,Xã Thới Hưng,thoi-hung
31273,92,Xã Đông Hiệp,dong-hiep
31282,92,Xã Đông Thuận,dong-thuan
31288,92,Xã Trường Thành,truong-thanh
31294,92,Xã Trường Xuân,truong-xuan
31299,92,Xã Phong Điền,phong-dien
31309,92,Xã Trường Long,truong-long
31315,92,Xã Nhơn Ái,nhon-ai
31321,92,Phường Vị Thanh,vi-thanh
31333,92,Phường Vị Tân,vi-tan
31338,92,Xã Hoả Lựu,hoa-luu
31340,92,Phường Ngã Bảy,nga-bay
31342,92,Xã Tân Hoà,tan-hoa
31348,92,Xã Trường Long Tây,truong-long-tay
31360,92,Xã Thạnh Xuân,thanh-xuan
31366,92,Xã Châu Thành,chau-thanh
31369,92,Xã Đông Phước,dong-phuoc
31378,92,Xã Phú Hữu,phu-huu
31393,92,Xã Hoà An,hoa-an
31396,92,Xã Hiệp Hưng,hiep-hung
31399,92,Xã Tân Bình,tan-binh
31408,92,Xã Thạnh Hoà,thanh-hoa
31411,92,Phường Đại Thành,dai-thanh
31420,92,Xã Phụng Hiệp,phung-hiep
31426,92,Xã Phương Bình,phuong-binh
31432,92,Xã Tân Phước Hưng,tan-phuoc-hung
31441,92,Xã Vị Thuỷ,vi-thuy
31453,92,Xã Vĩnh Thuận Đông,vinh-thuan-dong
31459,92,Xã Vĩnh Tường,vinh-tuong
31465,92,Xã Vị Thanh 1,vi-thanh-1
31471,92,Phường Long Mỹ,long-my
31473,92,Phường Long Bình,long-binh
31480,92,Phường Long Phú 1,long-phu-1
31489,92,Xã Vĩnh Viễn,vinh-vien
31492,92,Xã Lương Tâm,luong-tam
31495,92,Xã Xà Phiên,xa-phien
31507,92,Phường Sóc Trăng,soc-trang
31510,92,Phường Phú Lợi,phu-loi
31528,92,Xã Kế Sách,ke-sach
31531,92,Xã An Lạc Thôn,an-lac-thon
31537,92,Xã Phong Nẫm,phong-nam
31540,92,Xã Thới An Hội,thoi-an-hoi
31552,92,Xã Nhơn Mỹ,nhon-my
31561,92,Xã Đại Hải,dai-hai
31567,92,Xã Mỹ Tú,my-tu
31569,92,Xã Phú Tâm,phu-tam
31570,92,Xã Hồ Đắc Kiện,ho-dac-kien
31579,92,Xã Long Hưng,long-hung
31582,92,Xã Thuận Hoà,thuan-hoa
31591,92,Xã Mỹ Hương,my-huong
31594,92,Xã An Ninh,an-ninh
31603,92,Xã Mỹ Phước,my-phuoc
31615,92,Xã An Thạnh,an-thanh
31633,92,Xã Cù Lao Dung,cu-lao-dung
31639,92,Xã Long Phú,long-phu
31645,92,Xã Đại Ngãi,dai-ngai
31654,92,Xã Trường Khánh,truong-khanh
31666,92,Xã Tân Thạnh,tan-thanh
31673,92,Xã Trần Đề,tran-de
31675,92,Xã Liêu Tú,lieu-tu
31679,92,Xã Lịch Hội Thượng,lich-hoi-thuong
31684,92,Phường Mỹ Xuyên,my-xuyen
31687,92,Xã Tài Văn,tai-van
31699,92,Xã Thạnh Thới An,thanh-thoi-an
31708,92,Xã Nhu Gia,nhu-gia
31717,92,Xã Hoà Tú,hoa-tu
31723,92,Xã Ngọc Tố,ngoc-to
31726,92,Xã Gia Hoà,gia-hoa
31732,92,Phường Ngã Năm,nga-nam
31741,92,Xã Tân Long,tan-long
31753,92,Phường Mỹ Quới,my-quoi
31756,92,Xã Phú Lộc,phu-loc
31759,92,Xã Lâm Tân,lam-tan
31777,92,Xã Vĩnh Lợi,vinh-loi
31783,92,Phường Vĩnh Châu,vinh-chau
31789,92,Phường Khánh Hoà,khanh-hoa
31795,92,Xã Vĩnh Hải,vinh-hai
31804,92,Phường Vĩnh Phước,vinh-phuoc
31810,92,Xã Lai Hoà,lai-hoa
31825,96,Phường Bạc Liêu,bac-lieu
31834,96,Phường Vĩnh Trạch,vinh-trach
31840,96,Phường Hiệp Thành,hiep-thanh
31843,96,Xã Hồng Dân,hong-dan
31849,96,Xã Ninh Quới,ninh-quoi
31858,96,Xã Vĩnh Lộc,vinh-loc
31864,96,Xã Ninh Thạnh Lợi,ninh-thanh-loi
31867,96,Xã Phước Long,phuoc-long
31876,96,Xã Vĩnh Phước,vinh-phuoc
31882,96,Xã Vĩnh Thanh,vinh-thanh
31885,96,Xã Phong Hiệp,phong-hiep
31891,96,Xã Hoà Bình,hoa-binh
31894,96,Xã Châu Thới,chau-thoi
31900,96,Xã Vĩnh Lợi,vinh-loi
31906,96,Xã Hưng Hội,hung-hoi
31918,96,Xã Vĩnh Mỹ,vinh-my
31927,96,Xã Vĩnh Hậu,vinh-hau
31942,96,Phường Giá Rai,gia-rai
31951,96,Phường Láng Tròn,lang-tron
31957,96,Xã Phong Thạnh,phong-thanh
31972,96,Xã Gành Hào,ganh-hao
31975,96,Xã Đông Hải,dong-hai
31985,96,Xã Long Điền,long-dien
31988,96,Xã An Trạch,an-trach
31993,96,Xã Định Thành,dinh-thanh
32002,96,Phường An Xuyên,an-xuyen
32014,96,Phường Lý Văn Lâm,ly-van-lam
32025,96,Phường Tân Thành,tan-thanh
32041,96,Phường Hoà Thành,hoa-thanh
32044,96,Xã Nguyễn Phích,nguyen-phich
32047,96,Xã U Minh,u-minh
32059,96,Xã Khánh An,khanh-an
32062,96,Xã Khánh Lâm,khanh-lam
32065,96,Xã Thới Bình,thoi-binh
32069,96,Xã Biển Bạch,bien-bach
32071,96,Xã Trí Phải,tri-phai
32083,96,Xã Tân Lộc,tan-loc
32092,96,Xã Hồ Thị Kỷ,ho-thi-ky
32095,96,Xã Trần Văn Thời,tran-van-thoi
32098,96,Xã Sông Đốc,song-doc
32104,96,Xã Đá Bạc,da-bac
32110,96,Xã Khánh Bình,khanh-binh
32119,96,Xã Khánh Hưng,khanh-hung
32128,96,Xã Cái Nước,cai-nuoc
32134,96,Xã Lương Thế Trân,luong-the-tran
32137,96,Xã Tân Hưng,tan-hung
32140,96,Xã Hưng Mỹ,hung-my
32152,96,Xã Đầm Dơi,dam-doi
32155,96,Xã Tạ An Khương,ta-an-khuong
32161,96,Xã Trần Phán,tran-phan
32167,96,Xã Tân Thuận,tan-thuan
32182,96,Xã Quách Phẩm,quach-pham
32185,96,Xã Thanh Tùng,thanh-tung
32188,96,Xã Tân Tiến,tan-tien
32191,96,Xã Năm Căn,nam-can
32201,96,Xã Đất Mới,dat-moi
32206,96,Xã Tam Giang,tam-giang
32212,96,Xã Cái Đôi Vàm,cai-doi-vam
32214,96,Xã Phú Mỹ,phu-my
32218,96,Xã Phú Tân,phu-tan
32227,96,Xã Nguyễn Việt Khái,nguyen-viet-khai
32236,96,Xã Tân Ân,tan-an
32244,96,Xã Phan Ngọc Hiển,phan-ngoc-hien
32248,96,Xã Đất Mũi,dat-mui
